Date,Open,High,Low,Close,Volume,F_open,F_high,F_low,MA_5,MA_10,MA_20,MA_50,Momentum_5,Momentum_10,Volatility_5,Volatility_10,Volatility_20,Volume_SMA,Volume_ratio,Volume_change,High_Low_Spread,Close_Position,Body_Size,RSI_14,MACD,MACD_signal,MACD_hist,BB_upper,BB_lower,BB_position,ATR_14,Price_Change_1,Price_Change_3,Price_Change_5,return_ratio,movement
2023-10-03,-2.4440395230781555,-2.258798155193633,-2.3918022844760665,-2.172320918875489,14.984473717428614,-3.6905293673231454,-1.3646918402248407,-4.8779705592673555,-2.149850973627851,-2.126035946666226,-2.076631865827299,-1.935398185485184,1.2133021958533323,1.3487255503558098,1.4985369170880072,0.974512178048924,0.7799491718337281,11.593877875630861,0.05250661434579181,-0.7239420262816413,3.158563771230266,2.2142518425197784,4.15242069866529,-0.20911330152062468,-0.3134933278397917,-0.36826704542316535,0.07682519435042501,-2.078578087891694,-1.8676123983094306,0.429472498178602,2.0454339942495556,1.7193803641573584,1.82241179587303,1.2133021958533323,0.048633179051761566,1
2023-10-04,-2.0197681373193097,-2.0404496788668087,-2.0375518689537877,-2.024203036106007,6.429870565206964,-0.08466080847266909,0.06010401897752901,-0.6684271849988548,-2.0761936686822566,-2.0528494793590544,-2.0044114179923573,-1.8651787497940404,1.2133021958533323,1.3487255503558098,1.4985369170880072,0.974512178048924,0.7799491718337281,8.248432360420509,-0.4648638211131663,-0.7239420262816413,0.6494105662415234,0.49305774989740253,-1.037076673748828,-0.20911330152062468,-0.22664725080270307,-0.3492345315909172,0.31310607738941487,-2.078578087891694,-1.8676123983094306,0.429472498178602,1.210961936087735,1.7193803641573584,1.82241179587303,1.2133021958533323,-0.006971734146643538,0
2023-10-05,-1.992891222845867,-2.0567297488080247,-2.0589623077639696,-2.0464688845506767,1.3101643214064709,0.5269594062054708,0.18489219499098974,-0.6615595485737763,-2.059022932466699,-2.0357885031855685,-1.9875756369376585,-1.8488094377706303,1.2133021958533323,1.3487255503558098,1.4985369170880072,0.974512178048924,0.7799491718337281,5.798509427459001,-0.9961747219015196,-0.8923976221721691,0.7526582583113262,0.40971434099405557,-0.13905550007164155,2.0527075171784475,-0.1726503042200205,-0.3221749677868047,0.41275862314701234,-2.108182141205497,-1.79929307373029,0.1964771192684951,0.504293339236633,-0.32783328954619234,1.82241179587303,1.2133021958533323,0.047619109983519925,1
2023-10-06,-2.0188082237765403,-1.9513860306053716,-1.9674799851820475,-1.8954465026969398,1.2684889525058622,-1.596499173840085,-0.7255541363101938,-1.6963374775097662,-2.012886725034803,-1.9899472110097902,-1.9423394235763576,-1.8048265842954698,1.2133021958533323,1.3487255503558098,1.4985369170880072,0.974512178048924,0.7799491718337281,4.565398975367671,-0.9288809060537355,-0.23157387662155765,0.8784213781723966,1.5012297514615882,1.0778273367426257,2.4287651294548804,-0.0434009785776738,-0.2722020352567509,0.6972187340751896,-2.0047410855946945,-1.8203799173672985,0.8704476419032364,0.26372616946334776,1.6820452453182146,1.82241179587303,1.2133021958533323,-0.05099068764684489,0
2023-10-09,-1.964094443701092,-2.0337456621904804,-2.021980152897343,-2.064862463123263,0.5234140555795431,1.1215585761183393,1.0213463191493677,0.4054554597351643,-2.0189044373389984,-1.9959264564510981,-1.9482397464007108,-1.8105634268593453,1.2133021958533323,1.3487255503558098,1.4985369170880072,0.974512178048924,0.7799491718337281,3.708982237513117,-1.0376322773778939,-0.5864972031202903,0.5332607026588578,-0.7945827429229957,0.733974252082035,0.46129995156829484,-0.04454903339325279,-0.23247528803720377,0.5700165297691251,-2.0362701813028767,-1.7974565322727751,-0.3771005893640073,0.19606707982181973,-1.9484850888900438,-0.3992579917108991,1.2133021958533323,0.04237019174811385,1
2023-10-10,-2.0408857594289898,-1.923613893921793,-1.9859712118130939,-1.9312661857344768,0.830841484946333,-1.4506386616646874,0.49977878754888005,-1.3997907915396186,-1.970954948308887,-1.9779088858352143,-1.9304599974026428,-1.79327630141493,1.2133021958533323,1.3487255503558098,1.4985369170880072,0.974512178048924,0.7799491718337281,3.1781129229357394,-0.9114116514481786,0.04813443033032987,1.6877060437473832,0.5769430081278418,0.8636653041717491,0.9730190069810345,0.029818213719982268,-0.18439614017730602,0.6737081711461875,-2.0193812636804847,-1.7791620176129355,0.608472886744755,0.2674844826841194,1.4887951085838034,0.6523190001320042,1.2133021958533323,0.017378528713225094,1
2023-10-11,-1.8921027179726855,-1.9044603548304064,-1.8468013741191578,-1.8741487217202912,0.2279832425752989,-0.33640304017431943,-0.23971415642995175,0.1381615052402005,-1.9411068403385292,-1.9569756819370387,-1.9098030998125304,-1.7731917445423033,0.6588481007008702,1.3487255503558098,1.2234012954481555,0.974512178048924,0.7799491718337281,2.7315606834959563,-1.0515751438859544,-0.6088145179177681,-0.3334546324066778,0.10537664192771545,-0.7723289886105302,1.1305774034480784,0.11766049717692743,-0.12668198717135465,0.7933228234228308,-1.9867966022879326,-1.7724049379333988,0.8412357871581956,-0.06168516530895279,0.5686736507689913,0.01105968785681337,0.6588481007008702,-0.003184724961016072,0
2023-10-12,-1.8556270092846416,-1.9236137123707204,-1.8273370453419626,-1.8847977605487118,-0.07641599762815005,0.22181188824364834,-0.3999434754782684,0.6893487925057379,-1.908947970500935,-1.9425912270833776,-1.8956085115284322,-1.759390445754244,0.7276765946354465,1.3487255503558098,1.1965431115344172,0.974512178048924,0.7799491718337281,2.3668861791280658,-1.1294643164831633,-0.5610385891368527,-0.9659623088253916,-0.590025534772964,-0.5870932294474792,1.0628565571163526,0.17532550564749727,-0.0678732479851295,0.8069116636315874,-1.9729030537103032,-1.7582581186791157,0.6380860519458896,-0.4467014048072102,-0.18840645717520532,1.097829865047233,0.7276765946354465,-0.01103697526458236,0
2023-10-13,-1.9151404001119792,-1.9264873135279588,-1.863346250555558,-1.9215855110542694,-0.09568266473075718,-0.05117343019092171,0.2550233004293813,0.7036317748204656,-1.914147420759207,-1.9354426912111506,-1.8885543322374776,-1.7525317166280128,-0.28669307517308285,1.3487255503558098,0.802116733703882,0.974512178048924,0.7799491718337281,2.081576096079046,-1.117510966856608,-0.2464778862495726,-0.40462521028653897,-0.948419299899797,-0.9879082943750821,0.8441344532416971,0.1933642670728975,-0.01687302134840078,0.7099721706840016,-1.9746530655805452,-1.741548161104175,0.30944598700546816,-0.6609582264118968,-0.477503824819686,-0.06321201704633053,-0.28669307517308285,-0.014096756277212852,0
2023-10-16,-1.9084209361558675,-1.9963966061088374,-1.933417464359474,-1.9680533428796496,-0.17193826340442928,0.5932270419588354,-0.18854366442117884,0.2590598938548154,-1.8948905997515875,-1.9343159028411616,-1.8874424168289328,-1.7514506090627044,0.378193702897158,1.3487255503558098,-0.024251795935206186,0.974512178048924,0.7799491718337281,1.8473637798423101,-1.1321681562969699,-0.35685225570811485,-0.3965331958832811,-0.07149032399207521,-0.04175698277628817,0.5975217185508912,0.17447552377116393,0.019787649226254384,0.5319524409416783,-1.9841617318698301,-1.728588022201064,-0.07996575658760949,-0.8346184289732529,-0.5901561986135127,-0.7283557487682825,0.378193702897158,0.05451282102310562,1
2023-10-17,-1.9314585331678957,-1.8671116210114245,-1.8837837249885374,-1.7908931393893532,0.8728177222183255,-1.7400557525234919,-1.0991324361261976,-1.9956014206347348,-1.8669682446990885,-1.8966224775889866,-1.8708270089044459,-1.73529556429059,0.5851686636440091,1.3487255503558098,0.33120275019874695,0.974512178048924,0.7799491718337281,1.7300214010801285,-0.6404342596752265,2.1566423660601317,0.8181379697772572,1.9119043116226269,1.2886065820725003,1.016991328975876,0.2579902364656688,0.06741862350220347,0.6681442792134928,-1.9484291755665972,-1.7338037666133943,1.1723696909492527,-0.7860274191211924,1.9358519424812908,0.4775761542578282,0.5851686636440091,-0.010734377146674134,0
2023-10-18,-1.7548387388370934,-1.702392279793317,-1.7825692139815112,-1.8276802965345262,1.5537759118769354,0.7318915013102302,2.6619226275386882,0.4666447288009741,-1.857724961173152,-1.8772017232737925,-1.8599703294456835,-1.724739690879001,0.08848473465523093,0.5542831580582759,0.3781975500908613,0.7973268364590739,0.7799491718337281,1.6766197636648046,-0.3025799063055899,0.22532936298715053,1.9166241692072035,-1.1209799323954457,0.16183933001004036,0.8575466712356817,0.2953399148515532,0.11370866925578488,0.6514971994766925,-1.934631609050614,-1.726530305768691,0.7771967204113354,-0.6346469852493954,-0.4663630287472899,0.48431993551489355,0.08848473465523093,0.02170179612809786,1
2023-10-19,-1.8297100682650012,-1.7943286116779424,-1.7669977684189844,-1.754105685563988,0.20058841244119557,-0.9764924117829402,-0.43634398796686674,-0.5532677917198018,-1.8317283000242641,-1.848309830810328,-1.8452648206117588,-1.710441627618173,0.5248365560683079,0.9365315894385347,0.4360534621558921,0.7921815096262391,0.7799491718337281,1.5500198337308893,-0.9203427053266003,-0.8019325807991047,0.11145973082466139,0.8217807150432733,0.16749248058789623,0.995667459592332,0.3608032734937378,0.16508714868450974,0.7146680245524152,-1.9052352205116903,-1.7286537636993045,1.1280491362318201,-0.7008610666434636,0.7278439753185322,1.2848568073827293,0.5248365560683079,-0.015651166360150515,0
2023-10-20,-1.7442800686293398,-1.7952864529576285,-1.7465602983222899,-1.808318650493919,-0.15015105877189272,0.6266989667152748,0.5571054927333795,0.7668488818243188,-1.8091977816762312,-1.839699689229079,-1.8364363232165752,-1.701857741424233,0.4412546479043497,0.11393856628505647,0.4955659385908397,0.5850999337606344,0.7799491718337281,1.4219108143180559,-1.0821324188544732,-0.6284059119866975,-0.19628186174149262,-1.1307427141100872,0.007388706711477067,0.7886070208814028,0.372621206720135,0.20877985897229737,0.6192523408723387,-1.896420336049043,-1.7200491607074768,0.6720035463986873,-0.7930570318101772,-0.6473851260985704,-0.23534914544492977,0.4412546479043497,-0.04968769371221249,0
2023-10-23,-1.7874751619356943,-1.8537043745253714,-1.9188195917736974,-1.977734610920242,0.11310557902417386,2.1911020369841574,2.7922177255090683,0.7163750813369416,-1.81112353459409,-1.83108954764783,-1.839798975754461,-1.7051272249391427,-0.20242661556283092,0.13150996127660783,1.1644446412114235,0.5609389657388498,0.7799491718337281,1.324609887724006,-0.9229063565256034,0.3555973616821304,1.807886652302593,-1.3243496584569732,2.30434856440087,0.2540111789296972,0.2747275061621696,0.2222804017363622,0.24442891679690373,-1.9060055974994443,-1.7163612054409092,-0.5261279087664479,-0.8945469871173223,-1.900512583939728,-1.0751353205406016,-0.20242661556283092,-0.010158379896580416,0
2023-10-25,-1.9256990501502675,-2.000227441839945,-1.999596205128105,-2.0106497948735242,-0.11187894460607077,0.9109079813669719,0.5837626446129989,-0.19691674723265798,-1.854836508839106,-1.838934388265788,-1.844747426303481,-1.7099385687553963,-1.2564660401251453,-0.5142986159863555,0.10487136736662891,0.2608410074886449,0.7799491718337281,1.2284735000683331,-1.0348796126923543,-0.5123674488295032,0.6874710722884233,-0.10756672640978826,0.4246831433276117,-0.17368353876546136,0.1720276048778058,0.210573920742562,-0.06850598422502943,-1.9143869781191387,-1.7173361475689743,-0.7416894767766418,-0.9895929241637472,-0.445156459632074,-1.71400848745268,-1.2564660401251453,0.03954117170401594,1
2023-10-26,-2.0024903664032587,-1.9494712678420634,-2.0054357068574387,-1.8838299897608834,0.0584612534777375,-1.5343378389341826,-0.9097555707854958,-2.5980450524680463,-1.8660055452829012,-1.8398911097550463,-1.84183890989767,-1.7071106386215198,-0.43657612754073283,-0.24919667305204848,0.7987870509461525,0.5027036259332001,0.7799491718337281,1.151484320225091,-0.9175996054968899,0.1258719001563088,1.5219522450645575,1.7965347702957635,0.9865579614180788,0.18120540122517623,0.16039007525131446,0.19865834505888336,-0.0711018093692389,-1.9169485323671387,-1.7083885364030154,0.1976932495136087,-0.8977692637569853,1.3846386927611027,-0.6010936083352445,-0.43657612754073283,0.023228866449434227,1
2023-10-27,-1.848907841278475,-1.8249741132130652,-1.7971674856457835,-1.8063825155578774,-0.04183436550250803,-0.6107135520734995,-0.030866206298553786,-0.17590665656956694,-1.8764042097424563,-1.8321419647408184,-1.8350577363577267,-1.7005173510752172,-0.4112379545363557,0.08029604858809963,0.8193062323371524,0.5821676543720484,0.7799491718337281,1.078691430263739,-0.9647507222013332,-0.356794178439511,0.12998338852676997,0.23009597077027233,-0.369568187159054,0.017711698769383288,0.19128181163191987,0.1958958782759068,0.04253029791159294,-1.9093000501894186,-1.7027610515893348,0.7350929350876014,-0.9557633613655625,0.7840663310814208,1.0072716018882635,-0.4112379545363557,-0.036606114049024696,0
2023-10-30,-1.7836354724907968,-1.8738152884298063,-1.879890796376112,-1.9312661857344768,0.133341271758514,1.6494518316266897,1.4597002990390318,0.5757986483931888,-1.900860362979853,-1.8330986275930643,-1.835400026676389,-1.700850157555093,-0.772669948737569,-0.24971402703692816,1.0486785399472693,0.7982909905820139,0.7799491718337281,1.0207720942114153,-0.8354661105789782,0.09065886913088825,0.7654130498771332,-1.0602724075945036,1.509061977292932,0.14421108820251,0.136509173226771,0.18168235749724246,-0.09962985884310067,-1.9152893661174022,-1.6967782880834483,-0.21987394572121846,-1.00409235879209,-1.418886285865462,0.4042206024754553,-0.772669948737569,-0.0011782650050058407,0
2023-10-31,-1.8978625352264262,-1.9600057504381563,-1.8896232110980766,-1.9351387522867523,-0.27611100480439127,0.31970701258323464,-0.12640999226272812,0.46638667523020033,-1.8923873924239094,-1.829845944576922,-1.8358969095189932,-1.701333273263431,0.075540670697698,-0.0867872428288461,0.42068334414588043,0.7626904883917218,0.7799491718337281,0.9526322566116275,-1.0991349284406138,-0.7439602680902873,-0.5271600432369716,-0.39025145885065604,-0.44335714560503736,-0.22064742716122368,0.08619729875537203,0.15928558000800389,-0.201221647439785,-1.920943120709549,-1.691494131019829,-0.24844069184063855,-1.2312357602327426,-0.11453434801648821,-0.45623709406885593,0.075540670697698,-0.008257132786870458,0
2023-11-01,-1.9093807940943712,-1.9485133656921352,-1.8964355988728165,-1.9622452347517179,-0.22390129082080262,0.510216610481421,0.6293355062228243,0.8459442798671116,-1.8827589819200996,-1.8467792875207587,-1.825653878965915,-1.7029942434856125,0.10908648865404122,-0.8366272678669926,0.40586702434334415,0.20681491547954645,0.7799491718337281,0.35787889330953343,-0.9044691105013567,-0.052657997117243956,-0.20358244147938653,-1.2697212281202623,-0.1636383779849572,-0.4793911419079179,0.026330918939374233,0.1282483057353407,-0.3084898847245474,-1.94214566688519,-1.6463589671924492,-0.626284849763161,-1.2376797236800772,-0.3751579861487222,-1.1057091101810161,0.10908648865404122,0.021409485595331512,1
2023-11-02,-1.916100161662019,-1.958090078006306,-1.8594532606983756,-1.89254259697307,-0.358659469444117,-0.4061954797126715,-0.9085636061107192,0.24071733951355748,-1.8844920533205274,-1.8531891045418427,-1.8192342787808888,-1.7015001718724805,-0.19612115235619998,-0.4516801765050234,0.04401641669563562,0.31278274150435603,0.5919621656184882,0.0924000983826615,-0.9569540889528763,-0.5605215571506694,-1.0112662287826069,0.8339688610413706,-0.6698551217174824,-0.23154695208665438,0.016423222650424986,0.1012471923094841,-0.25838259688141396,-1.9430051658902603,-1.6319721044024005,-0.010585296279355767,-1.1974060945787612,0.7170819386678249,0.1262121436816908,-0.19612115235619998,-0.0017466826590402107,0
2023-11-03,-1.8863433283714164,-1.9255291944745954,-1.846801380807096,-1.8983510017811946,-0.2623804432218481,0.017059780432822528,-0.17668328630723348,0.5802914900209326,-1.9027859978692172,-1.8674437035438725,-1.812012233997395,-1.7003754662406998,-0.615782874610298,-0.7324131208934862,-0.23290948318383795,0.19707497487097245,0.583898224537802,0.03090264798454364,-0.7536393701290002,0.18810013341538293,-0.672912168595113,-0.5371098001266368,-0.8877237903028241,-0.13978059155302713,0.001495403117731569,0.0763748362195931,-0.23195494431008523,-1.9481600735528162,-1.6111029571801312,-0.1415387519082297,-1.223180835387304,-0.1354618581124608,0.11386923195995491,-0.615782874610298,0.09827941448005917,1
2023-11-06,-1.7529187453531432,-1.660254805630754,-1.7105512378517238,-1.5721042546930106,1.998614898432131,-2.059975979494827,-1.281484168488834,-2.5983812018223658,-1.831343173046391,-1.8441005435789524,-1.7962464658685435,-1.6864556178514218,1.732695403316384,0.6508689564464138,1.5110874833316412,1.6060784540632713,1.2953857555031503,0.059455656556348685,2.9825373894112928,6.354657262207451,1.1964267496497925,2.1303404854618115,1.7583345779973198,0.7192919587744684,0.1774987198094787,0.09504847551712156,0.3086507966676376,-1.879915279404923,-1.6544581359018216,1.5257430786246746,-0.841386195626505,3.5472125677818935,2.4424449216519335,1.732695403316384,0.09346780097188034,1
2023-11-07,-1.4572729292531434,-1.304959654406533,-1.5129883965956223,-1.2313364955845156,2.352228300024927,-2.3137916126972167,-0.9994310801014376,-4.514756096792321,-1.6913460937632805,-1.7703400492419266,-1.7556047705295763,-1.6607253164010647,3.5446554432220365,2.659614613125101,2.0607486214499504,1.8658430646207578,1.619795525815998,0.13097502809661365,3.0813166865124195,-0.08322040782994422,3.154465850888326,1.982781478241696,2.131003445631094,0.9568433246995667,0.5096003388697046,0.18276820647076172,1.165829814147434,-1.719120654842941,-1.7492994353454334,1.5257430786246746,-0.5240288951962782,3.3700627386806286,4.135958967258362,3.5446554432220365,-0.017241334402094965,0
2023-11-08,-1.1885039002819524,-1.145029184094006,-1.2375686156452785,-1.30007076921495,1.8075010141702366,1.0537942511548883,2.6926486844494906,0.7704344978832749,-1.5596294215471769,-1.7001192660952227,-1.72482846263207,-1.6394808388921172,3.355014349419232,2.549822367172552,2.2268858503979323,1.9258461040481412,1.6032653341240362,0.16916921646268673,2.0841734102896483,-0.38421400240071624,1.6723521754964308,-1.363199295353309,0.6344781968884631,0.8668833106343781,0.7201129084484242,0.29907829607576836,1.5207674355298624,-1.623753567810083,-1.7915967393718244,1.5257430786246746,-0.4885883560047796,-0.7059305592248843,3.737070247807832,3.355014349419232,-0.01457880135072176,0
2023-11-09,-1.3017709157303743,-1.3164520190778097,-1.3018010510783211,-1.3571885299093283,0.1808802592495618,0.49016864787903675,0.8668614879981147,0.6586059330794162,-1.45313927455271,-1.6480755462372871,-1.699622123014368,-1.6218158246129228,2.6241090142770123,1.7567369285840375,2.604247957786155,2.0016604178872646,1.6441719151776122,0.1673271618224409,-0.22412834426116204,-0.8459685677180306,0.17185612347408824,-1.0445451076012808,-0.19307412009087105,0.60932205289131,0.839775517930189,0.41835069875853576,1.557543342066458,-1.5593001763333647,-1.8109680539495625,1.3877984085688446,-0.45475837701186594,-0.607903717662176,1.1372869228857652,2.6241090142770123,-0.012036048436513291,0
2023-11-10,-1.3622437245499244,-1.3145364457638857,-1.367006186484221,-1.4036566584149008,0.4269677669406404,0.3480952310095509,1.6893780503616447,0.35736131233462765,-1.3547369711363146,-1.6082774040731593,-1.67616227791114,-1.6069861341628104,2.4178230392055697,1.2590521463108086,2.724280319994231,2.070154824206288,1.6677517207441734,0.1870129722293096,0.08953337995271891,0.08935043370738165,1.1617356892154018,-0.898256138644993,-0.40167568933855263,0.6296661526985776,0.8931399146702266,0.5254635489171063,1.4065874655543325,-1.5124650519155245,-1.814287148808326,1.0594166571627717,-0.27433210330909796,-0.5142868377043205,-1.0529352983632148,2.4178230392055697,0.017258854663050327,1
2023-11-13,-1.2931318423844274,-1.384446438797525,-1.2813633441327588,-1.3378265871885284,-0.1218621651257063,0.379339844654227,-0.5672175612139418,0.6758073442395147,-1.3081355445572527,-1.5496325639421966,-1.6476989147297743,-1.5910268643505145,0.9566401070890773,2.0386221969972538,1.7067784317778585,1.7529556775942259,1.6428340343586614,0.1859891714681488,-0.6712693905992103,-0.7178595418445661,-1.1004915790960936,-0.4112732031422689,-0.3558002850551156,1.2172991166446478,0.959797019510068,0.6257618840438461,1.321988045667125,-1.4599667720350908,-1.813476001568131,1.1115645369095755,-0.4676457136134956,0.5642675949832804,-0.33293020792776334,0.9566401070890773,-0.012724549295709986,0
2023-11-15,-1.3113699170399669,-1.3978539756258077,-1.3222387373354614,-1.3871992147783558,-0.23592569926172186,0.7033661510943832,0.029073609305178112,0.8112050505526354,-1.3391390334612292,-1.4954841271723083,-1.6193771857974641,-1.5776919777632863,-0.8250331594412009,1.86843202578633,-0.7251976499125352,1.8212224853904315,1.637480972045349,0.1834868171624088,-0.8281966806593436,-0.44151011262675116,-0.6987078955774049,-1.072434115844768,0.11995652779777528,1.1641618944505943,0.9685621232941647,0.7079214444261946,1.0968025682454143,-1.4249547174737383,-1.7934040026925129,0.8388160568893775,-0.5755788779317139,-0.5396354675008422,-0.2929824472903673,-0.8250331594412009,0.02501896878431653,1
2023-11-16,-1.379522014833148,-1.3135791170263513,-1.3348903010158206,-1.2913581620027634,0.27513913283922425,-0.9627425728428901,-0.1749152270411941,-0.8826226353069145,-1.3374059620608014,-1.4291857789938367,-1.5950204780849835,-1.5622860426628966,-0.1127398001699001,2.356706389216383,-0.36860722108258726,1.7415848254371162,1.471886847641115,0.1601134225022919,-0.07800379365494309,1.160190647689542,0.634632566067136,0.769242194317612,0.14730405939695515,1.1256692777089157,1.0170136126830367,0.7842673460078422,1.024628369543951,-1.3758720573997378,-1.7973611549118247,1.0013100006476885,-0.6158525418452644,0.8499727722698368,0.5047696029304191,-0.1127398001699001,0.03205126267770231,1
2023-11-17,-1.0915552277961382,-1.0578814982929219,-1.115916924059337,-1.1655064243581434,1.4671513182379465,0.6583024269266778,1.8392757001112185,0.5732215067764364,-1.2992774470234363,-1.357338668998315,-1.5627336990013243,-1.5441140069293364,0.7047875682361044,2.5134095131149845,-0.2175064494825879,1.7588059817644461,1.4883003550769327,0.15672579769796402,1.6496683485410535,1.0843187539553365,1.1004171814888863,-1.1132966738814112,0.05379099321248729,1.1850693810266397,1.1136024593381015,0.866511731060879,1.097855631874863,-1.309476891494674,-1.8040965844305843,1.1858718482538697,-0.3113841302143124,1.1088816932140457,0.8256625785875724,0.7047875682361044,-0.013139010288121256,0
2023-11-20,-1.1385896556679898,-1.20248944758915,-1.1597115145615482,-1.2187513218200536,-0.10344328390009228,0.7257097835145448,0.4255019447379506,0.7161093854629252,-1.2624969354228732,-1.2901793242528214,-1.5366304823086105,-1.5285731392207587,0.6845873086075178,2.339974622557208,-0.19580743149558147,1.8364929139626565,1.5161937807634924,0.14483604130707167,-0.6079139251361334,-0.9258347600099383,-0.26633737191003726,-1.0197761871265398,0.15276292387270593,1.4240322112244905,1.1417951583458592,0.9384857327341077,0.9703530184251199,-1.2606952795506543,-1.8040644897227927,0.9115718506033329,-0.3742109720807555,-0.5548947342416132,0.8162638755642985,0.6845873086075178,0.0033890021490707856,1
2023-11-21,-1.1971429485337597,-1.253245751039979,-1.1879346722323991,-1.2051980805875708,-0.11264590397990393,0.012266686313918957,-0.5935756006765252,0.07882465705869085,-1.236115088281865,-1.2539209519160277,-1.5072230692112398,-1.5135684817272828,0.43815774630647675,1.0419304360928152,-0.22042025535081516,0.9003590148226388,1.4665397151126953,0.14630275401908727,-0.6228174032714047,-0.2289164300431114,-0.5906473013009799,0.5247849457401259,-0.8947613274915974,1.4519373551261647,1.155245653921618,0.9990126405417682,0.8282420250678542,-1.2156062365762867,-1.792992325041975,0.8356907684956999,-0.34682466566039405,0.05361934812498182,0.3440223279446278,0.43815774630647675,0.004583799059876936,1
2023-11-22,-1.2057819838048212,-1.212066197039242,-1.1655509260788182,-1.1868045020149844,-0.13467010619820444,-0.2524121413893366,-0.2358730310404949,0.1422687320772389,-1.196253501844072,-1.2495202148401785,-1.4686582952600917,-1.4989229479936903,0.7506991717192025,-0.07378664050245907,-0.429598768081797,-0.6784916990814501,1.1331502314908994,0.13661299939043334,-0.6462234360824625,-0.25466606995857294,-0.3337544956303839,0.09781980971485023,-0.8956499706431208,1.5669771322937487,1.159830746988421,1.0484390002840462,0.6904332562303295,-1.18276044018208,-1.7490758204447368,0.7853799540101827,-0.31782782207138416,0.09760834852999159,-0.23901313167310423,0.7506991717192025,-0.01104702424146975,0
2023-11-23,-1.1693060520138137,-1.2436689041801268,-1.1811221865421377,-1.2313364955845156,-0.2734525267753781,0.5471861289845688,-0.025413223567171947,0.5806400999666884,-1.1843142704587786,-1.2427277619967025,-1.4306599425790913,-1.4862639239269906,0.11242962604501433,0.005694248432052258,-0.43743974568830213,-0.7373089249468731,1.1369752860624025,0.13029434724226902,-0.8482336017326819,-0.49945330736085203,-0.5406329482701097,-0.6267906264665807,-0.10935729047389746,1.3343908347311337,1.120522558907477,1.0793656099241615,0.46076641722699346,-1.1689602916816006,-1.6850427394607268,0.5933428512297125,-0.28399778991196994,-0.4778737993688092,-0.19381032693719116,0.11242962604501433,0.0004856609100047926,1
2023-11-24,-1.23841809029461,-1.289637350833612,-1.2171311408910677,-1.229400360648474,-0.15356922943865048,-0.15850261339325009,-0.7866508000394854,-0.0016167959988380922,-1.1970237557998178,-1.2300994898434907,-1.3987507632097715,-1.474239556347276,-0.4228672068703863,0.1996832656711957,-1.16044496440274,-0.8294365239904069,1.0641264301208944,0.12200247892835088,-0.661042056417146,0.14951293005265578,-0.6880676350842899,0.8613197515217601,-1.0335341388354615,1.3570928862372191,1.0745186996166995,1.0940250480218539,0.258816128869503,-1.1520790639572003,-1.6371901599472976,0.5249292562724155,-0.25661199455438755,-0.053273361243494785,-0.25564199845380253,-0.4228672068703863,0.01165050132458001,1
2023-11-28,-1.2201800688306372,-1.2609071050037481,-1.2161576887165502,-1.182931935462709,-0.13589563486520212,-0.43130646285065555,-1.0639623718813338,-0.6836198113590313,-1.1898987296664287,-1.208287049079176,-1.368352083958123,-1.4616885944308353,0.003322992259778462,0.5085670320522249,-1.1647556752690216,-0.9045023932105524,1.0453052661708577,0.11832402831942113,-0.630689513742637,-0.1726919353951893,-0.3222871787215713,1.6540188281328985,-0.632985518639325,0.9500049125248345,1.0499038580533737,1.1003582004049444,0.15544869362573469,-1.1302409937678126,-1.598040415842841,0.5767535182659024,-0.5884676720384604,0.3577840871618952,-0.1057583014386804,0.003322992259778462,0.011276412882367026,1
2023-11-29,-1.1789049663274607,-1.112468461296753,-1.1198094573735813,-1.1374315777449646,0.2690726830712969,-0.4651101482178924,0.5385135758175903,0.09460315675873636,-1.1764189313553965,-1.1884836296230834,-1.3296456902236788,-1.4486750807947881,0.14004269618800022,0.43098327936245734,-1.0859729372198106,-0.9408927910974492,0.8225347250702776,0.12363207164030378,-0.023380087240206595,0.6328759962595785,0.3875595035866651,-0.3254665968461397,-0.5833527163224899,0.18326295173371082,1.041759697151618,1.103639911064865,0.11756629137201766,-1.1223846226672398,-1.5258789012488205,0.6351317518236245,-0.9154902289403866,0.34401122209404583,0.3785852543278112,0.14004269618800022,-0.001186210899936757,0
2023-11-30,-1.0617982009283282,-1.1459867535076782,-1.1149432641476753,-1.1422719150850684,-0.15016890689561888,0.7191618999401085,0.09417995255436744,0.23965338378798903,-1.1675607157930856,-1.1642794437726358,-1.2909864837959877,-1.4364269777227265,0.039359516462740565,0.5842567929048604,-1.073288539821487,-1.0469075630927493,0.8225555735183961,0.12855728464116245,-0.6619456943945021,-0.6698628534508487,-0.1313969082867456,-0.24192312649025,0.14314888896754632,0.5132173516997347,1.0170964265151243,1.1008602681570276,0.04231706333916066,-1.1289085763522193,-1.4377327355715672,0.5624573368949821,-1.1200806945354236,-0.11482689311111723,0.3419200215493377,0.039359516462740565,0.0444180674549044,1
2023-12-01,-1.122271183162396,-0.9716909520180455,-1.050711041799516,-0.9612388483623041,0.7533704290469087,-1.5494109791499213,-0.039131233230878214,-1.4201012038256686,-1.1138341450521403,-1.1316564195928824,-1.2421786503602432,-1.4205898161850679,1.0168419987536899,0.8353633307311391,-0.41450927084670885,-0.6920239869146196,0.8818982014038352,0.16677541392427564,0.5926185563251137,1.7338181602198244,1.2334752986434436,0.8922726685286532,1.0086893408962105,1.3200943996790133,1.088755198477876,1.1143407354715766,0.2441796882934664,-1.1299974090651799,-1.334441108099592,1.1170104321084835,-0.9364328936033361,1.5641920270731873,1.0514155854628948,1.0168419987536899,-0.010234281186351168,0
2023-12-04,-0.8199060949171949,-0.9123154994114175,-0.9446307539909721,-1.004803071144007,0.08975462378002866,1.6843896161802068,1.5154560278531475,0.7319940874074871,-1.0691582943481952,-1.115775405786516,-1.1988935689660314,-1.4064902738345022,0.8196246143357868,0.2814504103478268,-0.23977438595768755,-0.8174341905881949,0.9312652745736268,0.18431152741124948,-0.37515282559217417,-0.6742720143362754,0.67484259290849,-1.233328797236562,1.5603599388996143,1.336972257668226,1.1033750251038026,1.1283290773316288,0.2504847432716078,-1.1499306733530488,-1.2216233301841133,0.9581009430097664,-0.9589860520129468,-0.4479509277431555,0.5703941591457765,0.8196246143357868,0.043428313095208004,1
2023-12-05,-0.9120554723641052,-0.7744111570166872,-0.838550257318481,-0.8218338694852012,0.8976329885276051,-0.8554762732203204,0.7745204194891517,-0.33969626915094275,-0.9973303425474965,-1.0765512613337358,-1.1464039249455307,-1.3890120273758575,1.3916017255752329,1.0246263316006952,0.09883118962426998,-0.5386303909692592,0.9981612200309313,0.22967613011432336,0.6347433387419781,0.9085072342103013,0.982137381882396,-0.09232783080102624,-0.01019140260925114,1.532749995236916,1.2059631361292187,1.1620021669371148,0.49486284385704465,-1.165559453190441,-1.0943699176937236,1.5257430786246746,-0.5965228355457443,1.5277521061663204,1.5590249675589145,1.3916017255752329,0.05241130808802108,1
2023-12-06,-0.7834304409452506,-0.5809623401710138,-0.7023002193706819,-0.5914284718528021,0.7808871363687421,-1.6734924129538717,0.19587869226301582,-1.533361607620576,-0.8887219381604823,-1.0158973705760448,-1.0985873865955815,-1.3673632403230165,2.155539167628803,1.694376786160417,0.3853993749229456,-0.15237394541443292,0.3846575633402437,0.1820544952137714,0.5929762769046584,-0.2845933295170573,1.540576512409779,0.7886553553133111,1.1908738929140172,2.0302874040287024,1.4041164752557815,1.2323663902098208,0.9503682772960647,-1.0626952865556598,-1.1094152126692123,1.5257430786246746,-0.18573201074398785,1.8584802548610124,1.735982480027695,2.155539167628803,-0.011508726226980737,0
2023-12-07,-0.5626560389309732,-0.5311636452317458,-0.5855145714410583,-0.6446736659949048,0.6141401480508062,0.6776950121459627,1.6335893590135835,0.7163002701953758,-0.7897420032915243,-0.9623229608360101,-1.0699824325624379,-1.3477985050204446,1.9535472864491412,1.4640508647726653,0.5813768065788983,-0.028870518699779482,-0.48655849953601793,0.11408314564214349,0.5232978311460633,-0.3250855676417888,0.7923986204155349,-1.2296072913330744,0.08226446698153451,1.6848815648984845,1.5085716195871322,1.3115493495091355,1.0598492819610603,-0.9786962701112464,-1.1435392081334557,1.5257430786246746,-0.11001731165476912,-0.49487234417918474,1.7059825441023537,1.9535472864491412,-0.0330228435247617,0
2023-12-08,-0.6231288115427187,-0.6748138167777483,-0.7840502935226991,-0.7956957511684489,0.3701417632418758,1.5044842357185015,1.818302146673361,0.05904127454683461,-0.7568129385124313,-0.9192721063372341,-1.0453897304531552,-1.3321972910039566,0.5193222669861376,1.1496665354890325,1.0080641609816314,0.2751706745582344,-0.3363918081159301,0.05787239016699806,0.27757192510424306,-0.40115331842950597,1.5410603703772787,-0.6930595370324563,1.2962109833290723,0.8485183051535248,1.481096522362398,1.3688744873684788,0.7884933593191257,-0.9391995625049242,-1.136281632514725,0.9675551098598955,-0.17445505485708449,-1.2869605275064853,0.00110379075189308,0.5193222669861376,0.01204025776908546,1
2023-12-11,-0.7738316881402583,-0.7610041147054235,-0.6896486830639929,-0.7424508537065387,0.00536780239650733,-0.3157558378203102,-0.18526863466158752,0.6296081309628074,-0.7046270527257192,-0.8711508214475306,-1.0154158816198768,-1.3161858207039718,0.9223541203897514,1.309429444090645,0.9006302619699524,0.25243760510098584,-0.40111769484557863,0.05100863095813147,-0.32007027587024667,-0.5679563920309318,-0.7244640564943443,-0.6185120513025728,-0.8026445740770033,1.1530713672061947,1.4703384061005687,1.4123769321914015,0.6168902728635365,-0.8990331571648628,-1.118519249043935,1.014625620694291,-0.16962208744599228,0.3721338032016173,-0.8260955801110895,0.9223541203897514,0.029418212391167486,1
2023-12-12,-0.7354357967899103,-0.6508718778296352,-0.6935411741170407,-0.6107901178934093,0.30456125485542446,-1.1023733211176423,-0.4955266465945394,-1.169163987573273,-0.6626472088953788,-0.8146106689100153,-0.9767566896579452,-1.2982407673455427,0.6764832511337986,1.5551943862515225,0.7122539778769547,0.3051901582771405,-0.4011295447261587,0.046221683982319094,0.19565578797050284,0.26296542107203286,0.6094175025960448,1.1488607705321385,0.3523191413675582,1.3219607437656258,1.5187778606238955,1.457794503857556,0.6406657901514229,-0.845476405823841,-1.097568964328597,1.277199124834006,0.025302620462746984,1.0119403226152197,0.03247174421550676,0.6764832511337986,0.0037822800229223574,1
2023-12-13,-0.6010515531334484,-0.6365071478264922,-0.5660501982244436,-0.5933646067888436,-0.08585013337000974,-0.09571336731242314,-0.5381627489853619,0.2946880658844564,-0.6630323358732514,-0.7608449265995311,-0.9404576441846657,-1.2806909793418744,-0.15828851297635232,1.449675109350463,-0.017488273666032603,0.3216988182773112,-0.40566260675319477,0.04763000518655189,-0.4693303267969314,-0.6212418032930617,-0.7347859949510483,0.21422744682191375,-1.0533047702427205,1.320712955511517,1.546065530769563,1.5001087157031057,0.6021388459304374,-0.7948970603010173,-1.0782245424653654,1.1632311911025826,0.0011384165824841169,0.0680987131079944,0.8544285742934113,-0.15828851297635232,-0.011094881819852076,0
2023-12-14,-0.5549770399188132,-0.6288459815933239,-0.580648494838289,-0.6446736659949048,-0.14855365169840043,0.7441998180827838,0.2803815460481314,0.7814286599805492,-0.6630323358732514,-0.7116713125723575,-0.90425301672217,-1.2648161627891825,-0.15107451632312577,1.3094645187231728,-0.021220247314266177,0.3906256691104174,-0.4158864508912069,0.0510468606440672,-0.5795684823002646,-0.32857016950020984,-0.45185035630252995,-1.0891593494545544,0.1799112131963995,1.29466284263431,1.5161691237230877,1.5274082200860473,0.41573738739971605,-0.7684906679085791,-1.0320419103200271,0.8948350278492463,0.04141158615739091,-0.4796357783426438,0.3419749263325253,-0.15107451632312577,-0.01947494042083231,0
2023-12-15,-0.626008609477538,-0.6977977641217198,-0.6672644054473248,-0.7337376531339672,-0.15047003024019898,0.9139809712429874,0.5836602163070874,0.8163646753858933,-0.6507079184958376,-0.6891892078114703,-0.8770641303301551,-1.2375361333352632,0.09044339159669955,0.45341478619396186,-0.34789007419079504,0.30183746584172005,-0.34679918002876997,0.034402578723324834,-0.5630977680826955,-0.21514435875073748,-0.21721074989160635,-1.2143665973856639,0.42919510991885623,0.9750406278667004,1.4196741996063633,1.528100743140983,0.08542258513060999,-0.7548647035443391,-0.990420302754233,0.5296043991322614,0.12679207732862996,-0.7881655358759165,-0.6984081645035518,0.09044339159669955,0.0017270738946006947,1
2023-12-18,-0.9658095217932269,-0.7543002379296502,-0.8774790490722834,-0.7259931133898013,0.38667052816488834,-2.1516694804547125,-0.3246588355538201,-2.1538412473431223,-0.6474342211554243,-0.6616366726596562,-0.855634004842234,-1.2129180206597938,-0.08768408929165078,0.6121788968298476,-0.39836267282154564,0.25385002906617554,-0.44351176885491383,-0.007851743880548469,0.4901674167254227,0.9459545065903415,1.6382417520184467,1.2888959061645415,1.8929650290099613,0.9165357780687086,1.328862428640133,1.5087531569758073,-0.16336718297153385,-0.7372595780953843,-0.9652926299985654,0.48529983326439835,0.4183740690909248,-0.007568090508129234,-0.7411270389155333,-0.08768408929165078,-0.031034459072726284,0
2023-12-19,-0.7181580865103794,-0.7993107419250197,-0.8083806527058381,-0.8653980922669041,-0.04903123893529222,1.2946615682731744,1.0607813351913276,0.6867599352042758,-0.6980796580448925,-0.665941772768787,-0.8384049383682234,-1.1905212315632256,-1.1037250744931308,-0.33667194493415264,-0.6940399284459658,0.1612094434381229,-0.30091642097718674,-0.005723854035025495,-0.3231286057628883,-0.6300965273944623,0.3166956539972158,-1.116735511569016,0.9881354920988029,0.4139594152193533,1.1572598672087615,1.4556679993239656,-0.58220534868739,-0.7391369820750259,-0.9271610297767189,-0.03954489947193516,0.4296508866384343,-1.2137539066365957,-1.1609586623269121,-1.1037250744931308,-0.062055158125973064,0
2023-12-20,-0.8602216814964577,-0.8740088538682059,-1.0721221281884719,-1.1354954428089232,0.2635031760625453,2.608246675739946,4.208465992929731,0.780854656984922,-0.8059178084761609,-0.7197075150792711,-0.8350063239527817,-1.1761101871760267,-2.171887902974103,-1.6796219618194568,0.02063820611970765,0.0875828898056847,0.2541346853461968,0.008986194233569028,0.21648786387809724,0.3344664808481835,2.991685916133787,-1.4301134056295182,2.916827859719374,-0.19616193276297772,0.8476862995348279,1.345356127003843,-1.292651629952193,-0.7434911947283032,-0.9151834996902519,-1.0147814472986396,0.8162786469789873,-2.3558472037277802,-2.046923966462271,-2.171887902974103,0.016362310292633797,1
2023-12-21,-1.1961830925263157,-1.0961882147686244,-1.156792051565735,-1.0686973041145302,0.06473423153449628,-1.2748865066293238,-0.2826280180273824,-1.4548155510350913,-0.8902626231147156,-0.7616103448368458,-0.8292475630486874,-1.1572197860947107,-1.7493717328885665,-1.3693524135474207,0.4750264953315278,0.23500171447130128,0.2796480223292713,0.016784292351166775,-0.15758877244434172,-0.4300021335479842,1.051037503827483,1.0729223893659028,0.6056143883363266,-0.4302581322729489,0.6310758960435976,1.2096359702382466,-1.6080851001809322,-0.7493150882514911,-0.8966263672948066,-0.8138862439704053,0.7631176492811216,0.531259398931993,-1.7617981995161036,-1.7493717328885665,0.028931420388291995,1
2023-12-22,-1.0253227498979405,-1.0262783816756342,-0.9942648495985159,-0.9486539712780345,-0.06853643346283982,-0.7615468251965763,-1.0378327030242838,-0.7849911118239656,-0.9330127799150488,-0.7767259697244036,-0.8154643127626309,-1.1385863911494858,-0.9772611593337533,-0.6444332650652572,0.9766461048221242,0.33467442531939434,0.3382252651440479,0.0247979384919444,-0.407169947785365,-0.40284342559540887,-0.2088864062600698,1.6415728161871195,-0.14810481870116662,-0.09920980225493106,0.520987672470674,1.0769337621125052,-1.5706185008721678,-0.7610763995301723,-0.8546467219783864,-0.4412676084540719,0.6535729508877175,0.9940180352222959,-0.5363889581809448,-0.9772611593337533,0.0018140150872352212,1
2023-12-26,-0.9408523615711974,-1.0023367293124807,-0.8949968332887563,-0.9409094315338686,-0.31689282013930886,-0.049261561223685246,-0.7972674753636204,0.5275160390571947,-0.9757629367153827,-0.7963380272915406,-0.8013978518414998,-1.1208892609727927,-0.9758367340382844,-0.7660863442589275,0.9771246352558233,0.29359894519115554,0.3373743705059867,0.01841084882436977,-0.8388810147223948,-0.6609276141142754,-1.1697488400905094,0.20920452836899522,-0.985101162150425,-0.471584043941525,0.4297673224676546,0.9507808499845337,-1.4893116669312552,-0.7760583390203675,-0.8084727506694488,-0.4899658136656507,0.2218386978831907,-0.004367164791446732,0.895394590642545,-0.9758367340382844,-0.0393843572149879,0
2023-12-27,-0.9274141135658731,-1.0004214220738274,-1.047791902531176,-1.1093573244921708,-0.030044659888587934,1.6933035174810356,1.8250254555371395,0.7534376602008771,-1.0242901752265505,-0.8456073955594569,-0.7978104448017685,-1.1061844896612212,-1.1172773151990654,-1.562625125070875,1.0806025044199663,0.22375641935030346,0.5317163427979511,0.022550359018062276,-0.33587187204914865,0.7920542584860902,0.9270413199066891,-1.2873183994918176,1.5734479172170501,-1.4040440007975858,0.2510619922174197,0.8106948437417465,-1.6622853376681137,-0.7827350465757051,-0.7935028509608086,-1.2408230102636018,0.025303622303073144,-1.521173242458204,-0.3364148715671594,-1.1172773151990654,-0.006361841486727915,0
2023-12-28,-1.0809962774408057,-1.151732818186866,-1.0682293262080076,-1.1354954428089232,-0.047088725640894634,0.4663240613287206,-0.10144273137647412,0.8392206623623398,-1.0242901752265505,-0.899181805299492,-0.7977160412567438,-1.0912777680790589,-0.15107451632312577,-1.6750149097220457,0.15155594578462397,0.18257422384600408,0.5254818044663321,0.010186246410639869,-0.34619809217686875,-0.23976364113235707,-0.838117913567372,-1.089967504403917,-0.22808431610120167,-1.3651138997948322,0.08929143084436986,0.66317365503572,-1.7545900901277445,-0.7829071696128228,-0.7931129139478312,-1.354762628146139,-0.21956002010731188,-0.3053787885164407,-1.0644957892254934,-0.15107451632312577,-0.012093903638294323,0
2023-12-29,-1.133790136442652,-1.1689709658224228,-1.1110506759947658,-1.1848680703987504,-0.05541602273853566,0.435800143362972,0.4104619107591339,0.9402927116872888,-1.0473983250271446,-0.9525648531505715,-0.7997929771103226,-1.0764261304923093,-0.6337130981778236,-1.6861363492890251,0.053174711918277606,0.18236997929003929,0.542223666676728,0.013891743973951619,-0.3671144187216665,-0.22551665220323297,-0.47965654045108935,-1.4109894477915117,-0.2729015474140231,-1.203445585618819,-0.07099071851649884,0.5100305092115686,-1.824384390764332,-0.7786296604848787,-0.8022405755402073,-1.5348608474733365,-0.5095304847982387,-0.5164169005388993,-1.3490671250232014,-0.6337130981778236,0.011281826295699737,1
2024-01-01,-1.1904233037743768,-1.2034468403781398,-1.1052110625299498,-1.1393677126810062,-0.05667444294782874,-0.5584864607476456,-0.8440365491231641,0.34245621497672485,-1.0853342175613265,-0.9926499941703733,-0.8084783202389759,-1.0640711745757192,-0.9211277322203913,-1.3411644819178952,-0.3556348084447617,0.26119266260173446,0.32165973233505074,-0.01778665110659813,-0.3164392287185802,-0.21325769588371818,-1.0455331937169166,0.5882089668605833,-0.4462514502766248,-1.2298285683517236,-0.172653202318668,0.36523642973032305,-1.7207341433277354,-0.7714391197401134,-0.8284466852533079,-1.2584885155987695,-0.6061871847033692,0.34421052846915556,-0.28292964514241536,-0.9211277322203913,-0.0018989111503073808,0
2024-01-02,-1.1453088926857968,-1.1833359626133848,-1.120782793961429,-1.1471125491053644,-0.17847666855831582,-0.045662217038503886,-0.4108261055495855,0.22408064433960748,-1.126351184932738,-1.0342658250722745,-0.8154171543873964,-1.0511654855986645,-0.9821622582124913,-1.3822219156342854,-0.38946800324096836,0.24827898667438075,0.312665225769204,-0.02827636241201799,-0.5322537801252454,-0.426712169179451,-0.5601398185698983,0.16540425669881703,-0.9798163674165792,-1.7485246273554063,-0.2584493482953858,0.23059874707511224,-1.5946466263711578,-0.7650042857972892,-0.8501550457467402,-1.2251692669669965,-0.7946681990809314,-0.1410664751845684,-0.1873513964530525,-0.9821622582124913,0.01617119785104082,1
2024-01-03,-1.152987883551823,-1.1191720228730382,-1.081854170553899,-1.0812824778789922,0.009616038303130086,-0.7453390636338235,-0.4406691843568604,-0.16632335754748898,-1.1207666667108402,-1.0555999344104665,-0.8280675476673982,-1.0384066572708055,-0.03328154217949855,-0.831634812453773,-0.8933271619335093,0.24188042661091608,0.09913315600040892,-0.06300400869433229,-0.09345606999722685,0.2221060700650487,-0.23777030293792184,0.5703888990872326,-0.17190212414000441,-1.5488039787194134,-0.28769763432518586,0.11647877304134233,-1.3399276568361655,-0.7692692384499129,-0.8718413024181311,-0.9009992557624679,-0.752783469651271,0.5242231861709777,0.4242217022189877,-0.03328154217949855,0.003042357185643274,1
2024-01-04,-1.0771568492808128,-1.1297066236730224,-1.0059436756799436,-1.0686973041145302,-0.20736844632665266,-0.13870202771003104,-0.7944153830805313,0.7704904813141639,-1.1074794909029915,-1.0489988141374396,-0.8513385856805771,-1.0243811277137262,0.1309832712985615,-0.009039968800209958,-0.9543542183519103,-0.6032529534198319,-0.32408700082665487,-0.10165168349794124,-0.4772862839124365,-0.5523335827769195,-1.3841607882223022,-0.39229163121991323,-1.0626066658187256,-1.4152476417770594,-0.3035278511247485,0.021713566066981004,-1.099646131646236,-0.8067351449831068,-0.8786061287196797,-0.7843712448141191,-0.8913245161421396,0.04085687334898083,0.24508204738091943,0.1309832712985615,0.02146521740000895,1
2024-01-05,-1.0521995625408234,-0.9889290854912757,-0.9738272901150935,-0.9796330202952754,0.23006560866775083,-0.7303502120158696,-0.019057923922367277,-0.05332571327623231,-1.0666550870205165,-1.0401973106672355,-0.8676707895453355,-1.0054540058441286,0.7261476559312335,0.054597068793944235,-1.073685387365256,-0.554832771968365,-0.2362459514022831,-0.1166716724141054,0.5523120991140296,0.8736003636816977,0.03090119302049387,0.12009335008718136,-0.19390974553478063,-0.908561959671685,-0.26382287633384094,-0.04539716465559121,-0.7563271078774408,-0.8394734183303485,-0.8761469932112933,-0.36815733116001353,-0.8494396302425208,0.7191338241023744,0.755571571208992,0.7261476559312335,-0.01187749282344741,0
2024-01-08,-0.9715687476849805,-1.0626695531964774,-0.9718808877950544,-1.029973418672931,-0.29613328497360564,0.4969316045408432,-0.3650696834671642,0.7017596688818918,-1.044894881642477,-1.0482334545371368,-0.8790938788769804,-0.9868573204352199,0.3112857824245878,-0.45062751439202625,-0.774686051167354,-0.7526044833220678,-0.3544291054058819,-0.14272766627245487,-0.6147525284258342,-0.8145199389253611,-0.9464745435811678,-0.6429250833467895,-0.183144300681355,-1.0408731210748674,-0.2627971613012108,-0.09886096146876074,-0.5869059991731939,-0.8530229208492948,-0.8848824518756457,-0.5335999728862969,-1.2119027054275442,-0.5084492741282098,0.13953493398671463,0.3112857824245878,0.005547786637650098,1
2024-01-09,-1.0118841397994165,-1.0693735586584183,-0.9631219178066733,-1.0067395027602408,0.021728285010101694,-0.10231829414797852,-0.8172138895205607,0.4913851806633999,-1.0169725265899774,-1.054738908524939,-0.8919802665537848,-0.970224946843138,0.44334773938602795,-0.40503423026571256,-0.81972745739107,-0.7404217819672232,-0.3762282013766137,-0.14208785747931277,0.15484128010126758,0.8202970482887135,-1.1549768748796296,0.3094630129953543,-1.0630025598294148,-0.640652351059638,-0.24894851194667753,-0.13859703615079336,-0.4164819377040747,-0.8748882198268464,-0.887377560252142,-0.38474056469828993,-1.4100494893299307,0.13309961032148443,0.1937434658523221,0.44334773938602795,-0.010574668462399184,0
2024-01-10,-1.0147637385764505,-1.0885266892738998,-1.0390326500106293,-1.051271496329772,-0.15449121251570525,0.29022547463177994,-0.4327667772160945,0.028141770242427852,-1.0110028813902072,-1.0489987555004276,-0.9134575938142183,-0.9559056847357037,-0.026012722093229888,-0.03678253059983693,-0.7673748975144651,-1.265534355211583,-0.5365213457216901,-0.16004000547362573,-0.22816722353588534,-0.4826694196688669,-0.4044496008674196,0.3947529715170962,-0.4866438857709197,0.12265181391603841,-0.26494446351802836,-0.17389144479313806,-0.361340468570158,-0.9262357335528322,-0.874865567896067,-0.5131265649502422,-1.8256741050795535,-0.4604830123916114,-0.4886825249518358,-0.026012722093229888,-0.01370820259219907,0
2024-01-11,-1.0426006386824038,-1.128748767616572,-1.0419523366300505,-1.1083889603439576,-0.14570496366510555,0.5734707095771489,-0.1688290854672033,0.8259799462479481,-1.0188981614793415,-1.0463200408771272,-0.9385695443526549,-0.9403013638178999,-0.31597593934694107,-0.1302871850111317,-0.6551850720990617,-1.1946658318952696,-0.5379446508527644,-0.16238074612531106,-0.199795182885459,-0.19193204449047638,-0.8853625908799188,-1.033916819597347,-0.070764534140978,-0.36743359540005255,-0.3115198961188695,-0.21233408290260514,-0.40042445112009556,-0.9919219265172027,-0.8539180557052227,-0.7371350960330458,-2.0705382403012376,-0.5758507647336184,-0.5277267071818473,-0.31597593934694107,-0.005889283463412998,0
2024-01-12,-1.0982741240800937,-1.157478841378765,-1.0623899266205663,-1.132591240404861,-0.15508555503578672,0.2704814409131163,-0.23600053759219056,0.8831022345901358,-1.0493239009022617,-1.041153944200975,-0.9623598018634688,-0.9250825577302152,-0.7731948850217972,-0.05144368159904802,-1.2045414384320947,-1.2482215620373887,-0.5427647617713539,-0.16263618902940616,-0.2229724218547726,-0.23102052452199368,-0.9952344376998762,-1.1523519845115269,-0.5156333794266956,-1.047454750503982,-0.3622236512021733,-0.25420003577723077,-0.4429235052524803,-1.056486265238131,-0.8314611434993067,-0.836371585919658,-2.1784713972971934,-0.2879805554853853,-0.7669780158828986,-0.7731948850217972,-0.0009478443766184341,0
2024-01-15,-1.1193917770901567,-1.185251145087304,-1.0653094192244978,-1.136463510276944,-0.234997724314559,0.1031820725957946,-0.6065616773559714,0.8975599697750983,-1.0705064158134916,-1.0408669453453014,-0.9819962165986446,-0.9094231584429809,-0.5894033181903329,-0.20421014631970538,-1.2099539926169345,-1.2967739451745006,-0.5735143198171128,-0.165941810459416,-0.4191488346019182,-0.3850168368145251,-1.3329436612306549,-1.0238930429745479,-0.7612733558143874,-1.1055681206675507,-0.40366391522162315,-0.2967745254855897,-0.45171970055362365,-1.108036828435703,-0.8148720784569562,-0.8216249178382765,-2.2042461539431777,-0.10605092039478695,-0.5646414823459225,-0.5894033181903329,0.007352908573082129,1
2024-01-16,-1.1385897573199804,-1.1814207188221115,-1.109104299524052,-1.1064528254079162,-0.14034236740497952,-0.37004341627146503,-1.0105301740167867,-0.20261957501774389,-1.09034092728792,-1.0368488734103507,-1.0005469616345184,-0.8945164424868011,-0.5592447042713122,-0.08853127042741929,-1.1621431145180798,-1.27883599250548,-0.5577616468507497,-0.1865516844251576,-0.1173989458092604,0.042257107823089515,-0.7048589361106726,1.3754474159549628,-0.7229359677444716,-0.1923177262361243,-0.417507584563914,-0.3338679886398549,-0.3836749952889354,-1.178611124817235,-0.7747358605942195,-0.5517014556704436,-2.407225567333651,0.19955903018660218,-0.11625213133593823,-0.5592447042713122,-0.020720512824953352,0
2024-01-17,-1.1385895989444372,-1.2044045529627565,-1.1207828442479761,-1.191644839355088,-0.214976464038129,0.4556225681513495,-0.03861603814565038,0.8957597063951221,-1.1182633413546668,-1.047755093792508,-1.0164543495466662,-0.8811150875667485,-0.7318251751063689,-0.5457988970686374,-0.9683331297067626,-1.2302965618898294,-0.629918439959265,-0.1930412982530846,-0.3020826969338449,-0.36812366307064215,-0.8335237896359671,-1.2418626900763259,-0.24379695481491473,-0.5012271314851212,-0.4771191184790496,-0.37660676139006677,-0.45375920739646486,-1.2128808981314516,-0.7696754197508252,-1.4081619196863469,-2.40883661070069,-0.8340239445257855,-0.43621387126159983,-0.7318251751063689,0.018273697613576445,1
2024-01-19,-1.124191019199944,-1.1938701922857993,-1.0711485639075038,-1.118069635024165,-0.306312834854229,-0.12037534407451127,-1.0243261271069053,0.5349066533367235,-1.1201889762440307,-1.05263416229448,-1.015604688709926,-0.872505173846335,-0.19168192467800155,-0.36148114257377606,-0.6948665525826938,-1.075008642572838,-1.2198619921201983,-0.2153250720798285,-0.5063245830728403,-0.4421782117301941,-1.3753669525563257,0.6770570602292509,-1.0895151125198221,0.12467640782594096,-0.4788192217589139,-0.411170361061895,-0.352267773790666,-1.2130545784406332,-0.7677042401175854,-0.5657790682494549,-2.4491098887163445,0.6016312059517706,-0.02974469295824023,-0.19168192467800155,-0.02691853472792083,0
2024-01-23,-1.0579587500610081,-1.1421558930460054,-1.1850149397933265,-1.228431996500261,-0.19121053991735032,1.623549371811285,1.5400301561490488,0.47644313099617835,-1.1392531747484662,-1.0772209546488138,-1.0233931547635677,-0.872450095476904,-0.5554782184373624,-0.945154048262125,-0.3705714270696464,-1.1050576614827712,-1.1400168556745636,-0.22533429486385387,-0.13967254962600842,0.17612483547998875,0.9245215245805409,-0.9771033374886329,1.471030275909751,-0.6115669960947844,-0.542976007683359,-0.45288134526461876,-0.44099963250697316,-1.2081350245801534,-0.7894947417335124,-1.6298294137069211,-2.213911456474315,-1.06221736010462,-0.7623240397233265,-0.5554782184373624,0.008007719703261973,1
2024-01-24,-1.224979543924837,-1.1842936218443,-1.1957204301947566,-1.1964851766951918,-0.28767276438100853,-0.3472694452241021,0.35524231664801775,-0.17094012307590936,-1.1511924061337597,-1.0936759661665274,-1.0354770978419037,-0.8704857892860599,-0.4045784945436856,-0.7089220983050308,-0.30846576179725693,-1.058782770406136,-1.3215345873458106,-0.23390405131479391,-0.4062579995412072,-0.44037302702562414,0.4639793929584137,-0.012884673446395808,-0.7563742153995224,-0.4245197878996456,-0.5718947040793364,-0.49258773022411895,-0.4161133519292803,-1.2274429533754854,-0.7931718949105391,-1.2123843781100774,-2.0914793760484685,0.22366730064676865,-0.1521218998263549,-0.4045784945436856,-0.004092415766188129,0
2024-01-25,-1.1837044843010012,-1.2321771420794216,-1.1558186154125756,-1.2129426203317366,-0.1653014385968527,0.22136289363165193,-0.1376147026434976,0.6868134574220727,-1.1723748620307428,-1.1140533540154614,-1.048741099698807,-0.8677504365570291,-0.5975556129312428,-0.8237257477672318,-0.3696881372146967,-1.0970927254169982,-1.3263780684645377,-0.22797577272019842,-0.05291201667677631,0.1746675328672393,-0.7337638949187385,-0.7528158633045349,-0.5877524729760011,-0.8269945372017506,-0.6012565634978911,-0.5307875559658508,-0.39741003478145936,-1.252502858714576,-0.7928837911880227,-1.3549082234205179,-2.159139350250906,-0.221825033031245,-0.622399911445814,-0.5975556129312428,0.02417211248120088,1
2024-01-29,-1.2057817968738598,-1.2015315905004411,-1.1665240134288373,-1.1161335000881236,-0.0879996848996309,-0.9267575562206571,-1.1724028201849817,-0.9171492140533182,-1.1573544967939722,-1.1204631417180388,-1.049071497640634,-0.8622980999320822,0.17222168442405938,-0.40722083102336265,-0.2707811974760482,-0.8494210172889011,-1.5015197817802093,-0.23024221775636286,0.18947237820768004,-0.03862775002095975,-0.20885689865719387,1.877353860165636,0.09446848253673586,-0.40628096260939844,-0.5642193470562246,-0.5532306269668528,-0.20179636247400481,-1.2528663625760232,-0.7931682137792394,-0.1391901301088619,-2.0141541092955073,0.8187939485519176,0.47704986358433515,0.17222168442405938,0.0073164648994124,1
2024-01-30,-1.1021137374522505,-1.1105529435478294,-1.0808807801560494,-1.0861228152190958,-0.05798793736747685,-0.21238960780437077,-0.2340092536043385,-0.08121853519297374,-1.1509997836305759,-1.1182627585208613,-1.0466641493794686,-0.85752501068761,-0.016751160220265075,-0.14552173822906575,-0.3747476900235596,-0.888658033585557,-1.500708405462263,-0.23066845282935458,0.28235919022740313,-0.15453487151854672,-0.13260590626875654,0.3094592383482653,-0.9544136964340011,-0.69030765156294,-0.5147481193781615,-0.5603433525438141,-0.011476387613533737,-1.250157595871526,-0.7911631828057974,0.2042338863060057,-2.065704766444735,0.19821727849531595,0.46193580014140084,-0.016751160220265075,0.007497619162334379,1
2024-01-31,-1.0819562689054536,-1.1344949395692205,-1.0448722607314531,-1.0551440628820474,-0.2477873073169388,-0.3121678594986723,-1.0731940757258656,-0.0014110553293419197,-1.1165301519257442,-1.110609279791858,-1.040338967205227,-0.8512282084518435,0.5976861543752156,0.02332176815464589,-1.0303725307517906,-0.8933691606405993,-1.5337039905099425,-0.23819150959535942,-0.2712996210392383,-0.5479554913925734,-0.9394107061343634,1.3860838850604769,-0.8079126806997072,-0.32619685421329875,-0.45553131190411367,-0.553056035969218,0.1672942522166945,-1.2455539623801837,-0.7830838923025691,0.5169966993802518,-2.0657047743303574,0.20488685963749304,0.7182512095030863,0.5976861543752156,0.012790744994080727,1
2024-02-01,-1.0330016497162038,-1.023405098076693,-0.9748004422916281,-1.0018988687399448,0.10205083364797786,-0.3458155658694835,-0.19903457410631667,0.2518017155841543,-1.07782394642157,-1.0973113436420738,-1.0336361563851275,-0.8457391566645975,0.6830350871781314,0.19806576652417862,-1.0186423765621238,-0.8635184856358883,-1.5261186741442418,-0.23198424602872558,0.7757874629360767,0.7607404261090794,-0.39924900107065076,-0.05468848406844598,-0.7585088970419642,-0.18757840406277357,-0.37629841338919,-0.5298621141366984,0.3647682574700973,-1.2324966434017148,-0.7836696769361657,1.0348664042854645,-1.9690471289313343,0.39976459346035415,0.47064843883603935,0.6830350871781314,0.030998805196841284,1
2024-02-02,-0.9734885693890898,-0.9046544135606327,-0.9358720183839055,-0.871206793755221,0.7220316735157138,-0.9775291294838557,-0.3876224959688024,-1.0267624901854335,-1.0098474414423413,-1.0740638792808845,-1.0201833329724164,-0.8401583169716049,1.3198226631048786,0.500446413148177,-0.9931332813856152,-0.6485302013773052,-1.3439858659435517,-0.1967680993437833,2.3011755479061167,0.6327196749860898,0.5768702428792797,1.002113496458769,0.16901465795255055,0.5028354650568198,-0.2368768394993306,-0.4807524240172642,0.6865019322456638,-1.1908379446632988,-0.8021274201731989,1.5257430786246746,-1.8305056011188368,1.0701332229651446,0.9886600118377213,1.3198226631048786,-0.012249420253215737,0
2024-02-05,-0.7987887470534527,-0.847194180718596,-0.8833183502472954,-0.9244516912171312,0.48448487548740204,1.1104616447745372,1.2495863070010413,0.4600613757838975,-0.9717189854192235,-1.0476593395517653,-1.0125364577705518,-0.8345774772786123,0.6544889403896902,0.6144947974334898,-0.6314911649718241,-0.7643401155134456,-1.3349371956890905,-0.1781974211556466,1.507930126410584,-0.3808338047462022,0.6845677857264025,-0.9042069034467051,0.7176810049485661,0.5218017796809067,-0.15973565848325283,-0.4245590079606672,0.7744434955300207,-1.1700452186927461,-0.8093903276954103,1.2370619136660717,-1.6194714396637797,-0.5221425769069007,0.546651154993207,0.6544889403896902,-0.011048487208358604,0
2024-02-06,-0.8938178547226192,-0.9764795759737361,-0.9125149095960626,-0.971888183870917,-0.1840919432557652,0.6765187884090237,0.04992877213782353,0.7202654648405491,-0.948995962596502,-1.0332134079792858,-1.0078161647932473,-0.830153193327943,0.3255218309785221,0.2315564987316277,-0.44161659321165164,-0.7370667310313859,-1.300461393644551,-0.17728714780429825,-0.2599995395913326,-0.7952005768836311,-0.5992430647463372,-0.9026718391806101,0.08053745764566937,0.41078509768964533,-0.12886311219596241,-0.3728384869036936,0.7189143316178425,-1.1599756067620905,-0.8107807035502765,0.7377464939375038,-1.5630882972379516,-0.4779276616197778,0.02623734621880433,0.3255218309785221,-0.0054718938078226476,0
2024-02-07,-0.9418121248502064,-1.0214899211209447,-0.9407378895284558,-0.9951220997836071,-0.1969813482644135,0.4468212159819225,-0.2727482276999913,0.6480338993968636,-0.9370566721969609,-1.0101572761885458,-1.008571393153444,-0.8265182966186623,0.09747853096677615,0.5162106723431138,-0.39827356468967073,-1.0397735165903257,-1.3883469205442873,-0.19398765747647292,-0.2501695269960085,-0.24113343861496564,-0.8175905404614924,-0.5966929647419198,-0.2567196810679938,0.32311804596732563,-0.12040202840448495,-0.32960780444484666,0.6135164541485523,-1.1620483238587962,-0.8100419623092063,0.5479775597559875,-1.4938177672559378,-0.27261346375393564,-0.7374533014892274,0.09747853096677615,-0.029573716355110524,0
2024-02-08,-0.9907668599888121,-1.081823250727857,-1.0643366621827721,-1.1200063633205914,-0.09943663509676305,1.1877537304375787,0.7377023618036631,0.6655014793758587,-0.9605500670039229,-1.0025994930632727,-1.0129612881889218,-0.8244071297786236,-0.6339849951020874,0.02407499570097501,-0.12238643431889816,-0.6744495008107497,-1.2333533318131074,-0.18629544880848242,-0.007942397070138713,0.024336880670764425,0.05249035088739067,-1.0250301766485295,0.8311663473511361,-0.25481788888515394,-0.18919693523324163,-0.310099817609477,0.3190088804573096,-1.1665399001473595,-0.814199234224121,-0.5076109816411469,-1.4003825493383033,-1.1599735432830784,-1.1027104723178731,-0.6339849951020874,-0.0066146069982998545,0
2024-02-09,-1.115552257375962,-1.1660977476612178,-1.1694435624443533,-1.1471125491053644,-0.24181060811403446,0.24385613794145672,-0.14254838279084175,-0.5075876300243088,-1.015431959664239,-0.9960940390754704,-1.0198057043265585,-0.8228466959990484,-1.2452620698920993,-0.008108484185803842,-1.0588388187825095,-0.6636248579519883,-1.2370739389324577,-0.19660165463004267,-0.366999274605544,-0.48539514445346693,0.32819561299370253,0.54374045664546,-0.5547264068484641,-0.04868142516503547,-0.2604057535247624,-0.31009900141920776,0.07683532701914415,-1.1740807660142372,-0.8200793418380683,-0.6873685471372484,-1.2553973116273272,-0.31468489074213896,-1.0109797823513669,-1.2452620698920993,0.003805047748211221,1
2024-02-12,-1.1021137024348961,-1.1220450516476468,-1.1383003948618042,-1.1316228762566478,-0.016539877071180882,0.22386658762078737,0.29824457106354574,-0.2685161495963645,-1.0566414905245871,-0.99762472895757,-1.0237235382396357,-0.8218737160682182,-0.9828633147033571,-0.26018260246290453,-0.8645795600738303,-0.8301659775473426,-1.250184710531448,-0.1912067968176109,0.23461875148806122,0.4037837473448368,0.5011295881863441,0.09150299422026742,-0.5840763841864324,-0.26152160121196666,-0.3077190525194457,-0.3204671647484812,-0.05189131722159521,-1.177675667114796,-0.8242522379951194,-0.5148089406420476,-1.091081390251405,0.06893695554726989,-0.8192735492556985,-0.9828633147033571,0.02582321925425113,1
2024-02-13,-1.1328301149407085,-1.0981034533073386,-1.1266221082452694,-1.026101148800848,0.009261625560567555,-1.0636208436730297,-0.9594241977558249,-1.6143170262064381,-1.0674252819620147,-0.9916932726811155,-1.0197112863157747,-0.8197625436021966,-0.3711703784472157,-0.03193116772506263,-0.2926627702889638,-0.6490194489320643,-1.1539862257403923,-0.1851465241000175,0.2803502902407614,-0.1685798216970689,0.6002082787629562,1.7158044600905893,0.29542019584133294,0.5780808546023914,-0.2829830411077506,-0.32334074267103313,0.04115089851087637,-1.1720168290314077,-0.8221902432822923,0.3752420481197166,-1.1136350510799118,0.8795829712314427,0.3648689793860994,-0.3711703784472157,0.004157014033133732,1
2024-02-14,-1.082916039279097,-1.0818229724279513,-1.0400060057340024,-1.0086756376962824,-0.24002248108986823,-0.7526242267209435,-0.9755123966147242,-0.5985750344900181,-1.070121288835619,-0.9871011737163109,-1.0136693147766065,-0.8172291411437567,-0.20640243482234058,-0.07388164398157827,-0.2856445852035633,-0.6576276294329538,-1.1630601625277992,-0.1884681493500396,-0.3816761619584743,-0.6033725651707186,-0.3206819433840566,1.48989287485831,-0.16120556678477052,0.5353187050588641,-0.2537335568560223,-0.31922951450643283,0.12786441227341924,-1.1645672688712196,-0.8178862026487091,0.4669096478260718,-1.1990150523185512,0.08189534614066347,0.6026373373103406,-0.20640243482234058,0.02092915023801667,1
2024-02-15,-0.9677294023566462,-0.9525377896188991,-0.9008361421630726,-0.9205794213450483,-0.009229413079539412,-0.48310153718030774,-0.36227749882905497,0.15561307437259764,-1.0304522068725153,-0.9790650298464095,-1.0031430735884548,-0.8164581114835179,0.6878307794676065,0.027447171416412317,-0.7842116843032908,-0.5864491367651792,-1.0951342871575227,-0.17963903628824127,0.20956998653719794,0.4155794177784008,-0.4564628370716299,0.195741622290486,-0.5569365713940341,0.8514008051413945,-0.1798447920852374,-0.2997476423759845,0.31868467706549924,-1.1447744016360641,-0.8180091040834285,1.0668636725183975,-1.10558001899161,0.6993973664728678,0.9807603088797373,0.6878307794676065,-0.005857171586752918,0
2024-02-16,-0.9101359547590051,-0.9563683315408175,-0.9397646828462967,-0.9457497688739723,-0.19424637827657393,0.2800837421559271,-0.04393284680268327,-0.044742334140197015,-0.990398056945786,-0.9864315097197388,-0.9953073912965411,-0.8153382765294757,0.7016142380886554,-0.4269535603580363,-0.8011047631797001,-0.864047104375478,-1.086657662147096,-0.18174705846312608,-0.2753371112413315,-0.5115960614595244,0.0014352718500805265,0.13018466695478886,-0.5015346468715451,0.46624697885889016,-0.13823594451335222,-0.27504347179688426,0.38351737861067614,-1.1313765024287878,-0.8166065815232443,0.7646310197914654,-1.068528434911374,-0.2867982881538998,0.28455255816329245,0.7016142380886554,0.05642422652774126,1
2024-02-19,-0.9274139772483257,-0.7303585567148322,-0.886237965349044,-0.7046950357329602,1.4625669001722814,-1.9904566394347578,-0.28923894058915844,-2.5479886139879904,-0.9054755518404224,-0.9647147352406485,-0.9715643210924803,-0.8131169585765575,1.6499367842825126,0.42520948633711136,-0.004557857411584292,-0.11704104763356026,-0.7031169309803912,-0.11614343168458728,3.372055800341366,3.7587244874283794,2.021157058508973,1.345972185174117,1.6562616937862245,0.9783733011802598,0.03370415987726856,-0.21759907331240155,0.7899739312534547,-1.068330754552295,-0.8374637463083109,1.5257430786246746,-0.7511716920464288,2.006224418972567,1.4217210548853219,1.6499367842825126,0.02466751956322155,1
2024-02-20,-0.6826421637981407,-0.5982003945405068,-0.6001127349392079,-0.5933646067888436,1.245704547703425,-0.7944978091833254,-0.013381356766196704,-0.15615252665393778,-0.8193976067871935,-0.9273083088441478,-0.9459803528289206,-0.8131536737388562,1.6284870046651625,0.8986428244743332,-0.009122161393218213,-0.12080067252554005,-0.6706237068178342,-0.05544874486375457,2.393347323796161,-0.3099529589501186,0.12767390844957344,0.2020157715161933,-0.09972400883998438,1.1199539473989248,0.22973486107054378,-0.12868298383130014,1.1806821164649983,-0.9854196248335928,-0.8766889334098246,1.5257430786246746,-0.548192795274574,0.8370334184857227,1.5058839048137065,1.6284870046651625,-0.02407368155256495,0
2024-02-21,-0.5722548469272828,-0.6374648549465304,-0.659478910176236,-0.7046950357329602,0.28775176444351885,1.1263438056755446,1.0147452387027505,0.5273548973474216,-0.7589311959049793,-0.8986077489511324,-0.9204435863378733,-0.8142918662740483,1.0938232300778614,0.6445943838908661,0.5132683311357592,0.06219132416974615,-0.7004824466471651,-0.0367179836049725,0.3919823558629813,-0.6997837539422345,0.4186508337929071,-0.9220018695599842,0.7410002420021649,0.6019991918367538,0.31185307392018025,-0.03955372052370783,1.183328582423622,-0.9513796769230257,-0.8613540122875433,1.26077576707214,-0.4209284125366284,-0.9574780137344598,1.0831787048194839,1.0938232300778614,0.044401522066693344,1
2024-02-22,-0.6836020142143067,-0.5982002931957491,-0.6195769431808694,-0.5043003229695888,0.2603124414866982,-1.5318654339431061,-1.223103003322295,-1.5491885841039523,-0.6761268891779161,-0.8377624963044863,-0.8866935089090546,-0.8087660993245036,1.5187729850274432,1.6606154245208848,0.7281893397734123,-0.040529066123548264,-0.4812476207069015,-0.015287946270094598,0.27592313085449116,-0.2404213614845173,0.3109474683676531,2.0193421366234676,0.9829278132009203,0.7336602589421123,0.4865618430576253,0.07003751127292213,1.4373555609887922,-0.8757122312615232,-0.8753995483305264,1.5257430786246746,-0.4241503659877264,1.5635828732645907,0.8254556537339546,1.5187729850274432,0.07804483793390093,1
2024-02-23,-0.46186746234977133,-0.1959793692065698,-0.4249338666416154,-0.1364254880357434,2.170215683997399,-2.544462878134609,-0.7557648944672756,-3.472665858618687,-0.5151398584725113,-0.7378844610940151,-0.8342038648885539,-0.7972739665998813,3.1145480757801782,2.8830946041418737,1.0982113101169004,0.5245069759085457,0.1254921060153527,0.0760470361300041,3.1526029029637286,1.9009018620995475,2.43773216203683,1.7676138412811118,2.469690224698229,1.392807352484705,0.8300208421001777,0.23298031168754307,2.0996934873227793,-0.7106410549021778,-0.9502457495926218,1.5257430786246746,-0.08746253308942169,2.802233410375477,1.991707569595152,3.1145480757801782,-0.027243324955969483,0
2024-02-26,-0.04431554064153226,0.018538650349618886,-0.2195854019934515,-0.27486269612501796,1.1852975729522002,1.8332098281790745,3.7659221938457885,0.6673804868070035,-0.42963960388609174,-0.6532177756933379,-0.793184540903729,-0.7909037340395176,1.4906646437842912,2.401598977656369,1.5780882092486017,0.866177311928073,0.28449695680508513,0.12584182526296092,1.353894139144439,-0.5448533675747645,2.7050921533923082,-1.3402202739839029,1.7788675981280453,1.1270963478350686,1.0049111506695312,0.40166215794611254,2.1709413966510676,-0.6179108242503705,-0.9681722789049179,1.5257430786246746,0.4393173456068287,-1.0741752061150653,1.9152067975114246,1.4906646437842912,-0.021543241483052866,0
2024-02-27,-0.2660495882308901,-0.2974918624652318,-0.3324782413411149,-0.38135249104883845,0.0396449965260201,0.9250893176007224,1.1191094325357147,0.5855205107323499,-0.38746713755256734,-0.5895024758529424,-0.7588208115007321,-0.7868833225001178,0.6392087384809408,1.7050428238907738,1.8165031260943445,1.0867661293522604,0.394891057357,0.12965995282561701,-0.3783249366179886,-0.8155068668659937,0.4582010926465964,-1.0092365637268357,0.44550511732931336,0.9092052646407893,1.0644706728436624,0.5496602386893136,1.9141608986244754,-0.5614474726437886,-0.959456092018344,1.0804017839826063,0.6503520066030629,-0.8643144574548272,0.43278274792351884,0.6392087384809408,-0.011609374186274946,0
2024-02-28,-0.3937153235567008,-0.29940756991947104,-0.40060356061255564,-0.4375021842751958,0.28371222409789426,0.34089745302876323,1.8590239583970938,0.43078066076579297,-0.33431837530692565,-0.5330580189191577,-0.7287053573499166,-0.782954704492447,0.8694651851313673,1.4791213952806348,1.674729631203486,1.1695815344765597,0.43869890041918774,0.1504452854946887,-0.04922363447785472,0.1543728406606131,1.2448887845833114,-0.9898318142603317,-0.4122439421121734,1.0874716633756345,1.0625085280098934,0.6676286948141349,1.5413553783080876,-0.5216437392724173,-0.9409919415398142,0.8117940320116257,0.8678298617415989,-0.49857791378864175,-1.3964444411160506,0.8694651851313673,0.03888225487326036,1
2024-02-29,-0.39755440491681593,-0.33771389281996417,-0.32955853795181134,-0.25162818685194294,0.42851774899966033,-1.1768057460151173,-1.0959214549474248,-0.9742165977876267,-0.28405800638108303,-0.4669509739926291,-0.6921230867758041,-0.7738124040407534,0.7729743224693066,1.7281778405051589,1.6083053645064342,1.2497697784582629,0.5447157529104639,0.16321241517205082,0.13651233140239982,-0.05523033385175118,-0.09087379122938269,1.770807052718073,0.4616057410612008,1.3395392296879596,1.1542739522519923,0.7821140595913358,1.4981142223275896,-0.4542461361631546,-0.9398651836941795,1.1462569810825962,0.9113263433548401,1.3603792621643007,-0.025591585632412584,0.7729743224693066,0.0029238459518377002,1
2024-03-01,-0.22861471113524176,-0.21896395544886538,-0.19720182710699707,-0.2371074715118244,0.12739771907110112,0.05518228444573742,0.23103590250162048,0.4787630460623646,-0.30408519937294237,-0.39692158205338673,-0.6612051880265203,-0.7645416061469975,-0.4926231183192548,1.8554755566061898,0.18458210502405353,1.2069428231894566,0.48742148191536,0.1399580869385792,-0.26193620605091694,-0.48868253500684455,-0.22490227730067114,-0.6052637480534072,-0.8317498133550429,1.3387105374143553,1.2179571899305734,0.8876586767112711,1.3871184931187621,-0.3918619151954968,-0.9449774625012424,1.0326672828715746,0.8726636788443141,0.03649362913172372,0.512961244545159,-0.4926231183192548,0.012828036267596765,1
2024-03-04,-0.17102086841548017,-0.16341821654524183,-0.1689781728460189,-0.17321323854130116,0.017170001697035742,0.00774277106836131,0.1146191067924785,0.04882425056646629,-0.2838655609206414,-0.3443995307693282,-0.6245757301456549,-0.7514156205701676,0.20341353023139608,1.2554718797155882,-0.03959981003921557,0.9381145316673407,0.4438643588747733,0.12168282131965845,-0.4018204653182653,-0.3557013183946376,0.056878204870431895,-0.06040388177413658,-0.901403638489395,1.3022314116708191,1.287862193791175,0.9874142098094306,1.3152493802570404,-0.3260196471057538,-0.9420124920299547,1.0368173595650636,0.8597767946187672,0.40113755135048923,1.0587700798438913,0.20341353023139608,-0.016311665838621536,0
2024-03-05,-0.19789774425939374,-0.26876187877274355,-0.19038881729365553,-0.2555010500844108,-0.23798231306136888,0.4465607732373971,-0.1665083068478118,0.7888362850357724,-0.25883177623068265,-0.31101120562628387,-0.5896455794725102,-0.7347281798606202,0.29747778043061424,0.698001960126188,-0.1412480177174382,1.0071726432924277,0.4705189878384854,0.1195753326054408,-0.7871844315181055,-0.6073240200743961,-0.8501689386485185,-0.9496455422701889,-0.2571020802979432,1.077252316805609,1.2761341271257602,1.0646484040028579,1.0356561593860212,-0.2835178187471536,-0.9164967876959121,0.7436002393096132,0.8211141625783899,-0.6717028252516145,-0.14306813738060573,0.29747778043061424,-0.022239504136599142,0
2024-03-06,-0.2938867595047197,-0.3712326225600789,-0.3499961358880189,-0.36586311488031426,-0.03685359160352401,0.5691505030824103,-0.05173057260895638,0.1695121096130328,-0.24458166494965727,-0.2775271848795087,-0.5589636895857883,-0.7214002496391825,0.10725629634370262,0.7231520736593361,0.03898534447897204,0.9899532926711043,0.552799720132455,0.12583744290850896,-0.4886108864963659,0.3318179075021069,-0.19667204361312005,-0.07149475290954774,-0.07710774650352967,0.7266790015012354,1.1841213803205264,1.1062709581822296,0.593552198598108,-0.2629741531886876,-0.8753070570345,0.4202553997516318,0.8565544982396571,-0.88994885428983,-0.6804868547282849,0.10725629634370262,-0.0015961916902401674,0
2024-03-07,-0.3476405658494312,-0.4124124907598845,-0.36167477177307206,-0.37360795130467256,-0.15438973318366217,0.19354701496378934,-0.48798492391397763,0.11895158976071661,-0.268845313712365,-0.26461191387062305,-0.5225702261017251,-0.7104955820152711,-0.5744714775944504,0.13267934395063868,-0.7173111311341288,0.7594291067931952,0.4014064148814017,0.12368839411839663,-0.6638393578692624,-0.4116162009487841,-0.5339182460298234,0.36237302888689416,-0.6285935822276325,0.7654309503510152,1.0904237509922439,1.1190349545419143,0.23528499412016032,-0.2594544339638964,-0.8031324432463335,0.3375417750277139,0.8146697783435275,-0.12992121164139753,-0.9778818649479073,-0.5744714775944504,0.011990362586227654,1
2024-03-11,-0.35723967761839237,-0.33388403921053567,-0.33345180097424976,-0.3155227165026587,-0.033130218021048714,-0.3530275188968801,-0.22610290347636985,-0.24695249529835558,-0.28444331040169796,-0.2823106457332683,-0.48202293430778215,-0.6986362976676614,-0.42246367370522925,-0.652620029068282,-0.590132276760767,-0.43900826684540023,0.3727999596144185,0.13184925047521803,-0.48998256672100104,0.05253975427671874,0.022280674001898846,0.43516162506220063,-0.7479198315291841,0.5288856410152634,1.0350720347374367,1.1171156980593946,0.05299840927804394,-0.26334353378548264,-0.7139845365653057,0.4177309493587299,0.5665835430811459,0.3702968054666138,-0.3856287262635472,-0.42246367370522925,-0.06121640395852612,0
2024-03-12,-0.31308456285684977,-0.3932591937485607,-0.5660500766013383,-0.6156307519137054,0.14446384000486945,2.572635258550815,3.1175308897811194,0.5888382251298758,-0.372446949358538,-0.3159859990504925,-0.4568637964625926,-0.6892737006161931,-1.662854478810201,-1.0728045692123913,0.27555987881805194,0.1649846219615755,0.8977474137269379,0.13814561693009422,-0.23400321940608093,0.08998958547912389,2.2068850764230503,-1.2490011399850458,2.864540826209011,-0.2469176765626735,0.8003744540628325,1.0641457882534757,-0.5807745937675151,-0.29673176948086366,-0.6240259006810526,-0.4767478622293548,0.8178914230034392,-2.3249666774409885,-1.2298202574285357,-1.662854478810201,-0.09339503426777984,0
2024-03-13,-0.5933724837682162,-0.6374648042847623,-0.9952381565851443,-1.0454630915216476,0.5939261280381335,4.235044938623361,6.3275342433237896,0.5863319610380865,-0.529582533242473,-0.3816146832323923,-0.45780786084435715,-0.6875664061874228,-2.895206380775512,-1.9254463775025654,1.4548052320554021,1.2830159161004142,1.7294763718465422,0.16101007017136823,0.3783823204307777,0.36503188970759465,5.022737697867219,-1.3844380666207365,5.30540045805862,-0.700845013968524,0.35177699269704577,0.9234587140698048,-1.6697473505735128,-0.294249484254843,-0.6287765152096637,-1.727534672863075,1.3736681524251577,-3.509691687109246,-3.0993404792554027,-2.895206380775512,0.10000000000000009,1
2024-03-14,-1.0905952072460352,-0.7313162928183228,-1.0507113062079996,-0.6282159256781674,0.3493647624122405,-4.0218658660537425,-1.3646918402248407,-5.707169363705274,-0.5817685370576797,-0.4004613811992266,-0.43925711580848326,-0.6770105438573145,-1.0831519386941018,-0.7106061515937141,3.7632126457586494,2.6717216135513273,2.4824270761837552,0.18405921547256493,-0.013173794195256274,-0.4048625754329517,3.898818771671726,2.2142518425197784,4.638910818401967,-0.37134620557465886,0.23737518253441714,0.7858376397708192,-1.63168421469267,-0.3182259118426853,-0.5631647008292499,-0.5976782831480139,1.8585631638321902,3.6105595989375634,-1.4936386202814003,-1.0831519386941018,-0.022569049757867665,0
2024-03-15,-0.608730288377942,-0.616395775720942,-0.7684786160771585,-0.7318015181979257,0.1306978371480701,1.0491326442949482,1.7053461904496947,-0.5910781382841572,-0.653018739377322,-0.44791303141086347,-0.43005253871643545,-0.6692818165360016,-1.425685978161453,-1.4188388200135627,3.769182805550544,2.492152521189282,2.5150345555536684,0.189531345311903,-0.32485865030588407,-0.4297582458728458,2.022437327354892,-0.2636127559824686,0.6276337179730826,-1.0878912180660603,0.08073100729692534,0.6414118557139368,-1.7161619061101674,-0.33304036152624195,-0.5273459140286249,-0.9953922529031544,1.7200216393704435,-0.9020817802593735,-0.6674453774079593,-1.425685978161453,0.06581786202439655,1
2024-03-18,-0.7171980165230949,-0.48519534393891967,-0.6332017649336106,-0.4365338201269826,0.4267996121178203,-2.346751613391925,-0.6160290819402158,-2.5591756989550176,-0.6770897066225982,-0.46762072594471943,-0.40522379881307274,-0.6558070256653687,-0.5765836462005374,-0.712403662894351,4.361956271921488,3.0013507794700116,2.776004831887099,0.21381856806594413,0.04210013309285681,0.1757845173656517,1.7447077942851386,1.5665141826638027,2.179397494418116,-0.43096948236206584,0.12663605065900221,0.5359314223489852,-1.2326712893235974,-0.35415041574458456,-0.4518104962165725,-0.08978047346221339,1.5847016688025726,2.352071174960644,3.002064891540374,-0.5765836462005374,-0.02490384452506511,0
2024-03-19,-0.448429137729009,-0.5062640904371715,-0.5037644393057792,-0.5556090854954576,-0.15739841689750236,0.8826173056736684,0.7174350226659034,0.6200550429832014,-0.6651504752373046,-0.5054098174821188,-0.39795455225706594,-0.6458386171840055,0.07374096668094784,-1.1583870799238845,3.9874414280444594,3.012079818095112,2.646476353858286,0.1504666438638265,-0.69194107235502,-0.7506104805486141,0.075297365464944,-0.9603941883020222,0.3831449057407612,-0.44689900454446274,0.08776832518361796,0.4430291258776418,-1.0765188588878756,-0.3583956066465758,-0.43186008527131026,-0.5656930055455913,1.5170416787476861,-0.9880422368281522,0.21276005529055148,0.07374096668094784,-0.028446855956873796,0
2024-03-20,-0.5290597391111607,-0.5905390616152192,-0.6487734061100096,-0.6882375920964152,-0.08699190334209249,1.356824770302711,1.4347200839956167,0.4502746770911796,-0.5940928364065993,-0.5481736731252209,-0.4025804416893466,-0.6386239133868403,1.3247765298069127,-1.300569782454865,2.721063959651647,3.0476192729726916,2.6711480862352293,0.09834893266258736,-0.5339675048382282,-0.05691654288261965,0.855577197347228,-0.9327911708540171,1.079407608857523,-0.5399834989033785,-0.025020557537058896,0.34398935043850437,-1.15271315265933,-0.35518170768123275,-0.4451289095361695,-1.0329964225266792,1.4381048876409281,-1.1184857707034024,0.08181268127094475,1.3247765298069127,0.010686047749972394,1
2024-03-21,-0.5626558572190119,-0.6250148900194014,-0.5903804685870934,-0.6398330319746087,-0.095563592248184,0.6353290177390415,0.26539273521550305,0.5865117421171412,-0.596403657288083,-0.5752479061694186,-0.39941785060222545,-0.6321802448758964,-0.19470653971195062,-0.9172446289888159,1.1909104684658804,3.049079022718311,2.633065856785028,0.0833586330760719,-0.5301764468511135,-0.22713893969009594,-0.2909790665985896,-0.7703238599606469,0.020059917314506785,-0.7536467127691042,-0.08829427020130373,0.2508909531203886,-1.0789533707788654,-0.35821187303461827,-0.4351258343787872,-0.8755799656729908,1.3720552690689043,0.3222756687015542,-1.0377989015185722,-0.19470653971195062,0.01099604046373881,1
2024-03-22,-0.6394468768627175,-0.5905388955929971,-0.5563177840903282,-0.5894920402365682,-0.03416846887551967,-0.4571545803226191,0.03792152750172777,0.37252542796252514,-0.5680961162434637,-0.5965819861891042,-0.4035716933778641,-0.6238273429175569,0.39575900456104485,-0.7688401466360403,1.0425703419545536,3.0692585525703486,2.5012269998655716,0.07184237892195033,-0.4162040420040526,-0.09366227805403989,-0.29932780330618664,-0.3656495935125072,-0.5950336062720504,-0.6954221972745909,-0.11091758875794312,0.1714542839334863,-0.9093485978553715,-0.3587569637798422,-0.44320329429055216,-0.6660256427190139,1.3430586877115345,0.33368871261562016,-0.2821379482142773,0.39575900456104485,0.0012550012720518033,1
2024-03-26,-0.5348188726121895,-0.5656393476663972,-0.5222551484523078,-0.5836833387482513,0.14492980352072055,0.3882599846333526,0.29800604594374186,0.7461206514884352,-0.5973664157185179,-0.6230821335664357,-0.4253794330458834,-0.6158048774199055,-0.681588889677208,-0.8952363533289917,-0.3493000784440612,3.048320425478005,2.005427186523318,-0.0073604016781052845,0.03980277384943369,0.09311267743059615,-0.4048815189858259,-1.0328344885616076,-0.3427031466983746,-0.7908109363674787,-0.12754514581617735,0.10426098191898552,-0.7573521967302593,-0.40004902625218797,-0.44262858994674836,-0.5816114081088509,1.2512340195802816,-0.024948452473148055,0.3684416260086319,-0.681588889677208,0.034259389668355844,1
2024-03-27,-0.5837735213383354,-0.46987268633587354,-0.4901393817129232,-0.42491671383054136,0.46776105606938206,-1.3339837408025361,-0.567210620052907,-0.8726407753194115,-0.571369695555383,-0.6042354062810955,-0.43269588137440207,-0.603927235491147,0.3321412590916998,0.30368268804125037,-0.09498421679612894,2.7862071874349845,2.0627372621727758,-0.03542107591033865,0.7392893657224162,0.20246692943165454,0.281868721187895,1.1031274922137837,0.6923848486966526,-0.44099349166105467,-0.04960173914687726,0.06758781383131239,-0.3784572037587892,-0.4158674792509996,-0.44023800553779935,0.0778670624427094,1.4268262881959974,1.190178605021956,0.8799660808194933,0.3321412590916998,-0.00888706412378093,0
2024-03-28,-0.43691016070161576,-0.3817669505962869,-0.40838897227807536,-0.46751257246403105,0.2787736482628628,0.23176481734279228,1.1769278293565562,0.7154181898771471,-0.5274640988071831,-0.5471212267137264,-0.4368969403883126,-0.5917742185931818,0.6889188717755288,1.514296514840906,-0.5912598960368185,1.6324592066319397,2.0324412540751697,-0.026069480502858434,0.3421317278900421,-0.3787876574983519,0.3929155317314129,-1.170149622658935,-0.572479681927892,-0.3525873033588171,-0.016517543058556582,0.045499755619426305,-0.19738902374609182,-0.4223252893337633,-0.4418012689245141,-0.07558700607491363,1.4912645712324175,-0.39835025387544964,0.43858932281010354,0.6889188717755288,0.006928834121110672,1
2024-04-01,-0.469546490323444,-0.5033911587624861,-0.4424516529242073,-0.43459768519094116,0.5293741815247017,-0.3111298615171616,-0.8826985076716887,-0.14172310207131358,-0.48663963591046105,-0.5279875005727124,-0.43675532060501643,-0.5785380819034736,0.6217131685469928,0.3129907166736742,-0.5891702236965703,0.3821736930259542,2.0242475210978252,-0.01646238734953224,0.7867990006292603,0.060144163169923076,-0.6471770267433972,1.1175572454114353,-0.8094367378568458,-0.2942105038712617,0.025317796226678957,0.036997618094930455,-0.028725369264718824,-0.42212001676762934,-0.4417346758639596,0.05711404974518528,1.47193300410222,0.18394582339739135,0.5632645725652022,0.6217131685469928,0.020036441396021676,1
2024-04-02,-0.4474690356267414,-0.41337023058690037,-0.3840586189219173,-0.33875663241534876,-0.001484984708155906,-0.8995754757547482,-0.9543408503980066,-0.5948782296246375,-0.43676451199098565,-0.48914605057933636,-0.4410035958571983,-0.563411069347519,0.7827692969241234,0.8795125941429525,-0.5307682230587918,0.2543967830145706,1.9345957049195341,-0.033278488475595704,-0.1810326731384753,-0.6561663462720774,-0.30542503948536115,1.4569278509183934,0.054557957643720525,-0.24098264517741486,0.11042823738501634,0.0488480533866645,0.223943506718759,-0.4340709165302315,-0.4372530676414963,0.47643253712070116,1.4219935599365758,0.6665303835932603,0.2589921130182284,0.7827692969241234,-0.0035714029463116415,0
2024-04-03,-0.38987565429981613,-0.42965041921022373,-0.3392909425223966,-0.35618214351991445,-0.1197183504929971,-0.29241474648653915,-0.9403898128460327,0.18347314381380686,-0.3915110298344789,-0.48120554367615337,-0.44680952960228604,-0.5491835951458313,0.6951733030718805,-0.0035186894428875415,-0.4713311900086494,-0.5661099824390086,1.9346698705635508,-0.04294244753890917,-0.3947489887525268,-0.40055129556860786,-0.9880584562201352,0.9567258461158114,-0.8369155051735007,0.19836256670004696,0.16206207805901768,0.06964407436391494,0.33499929807162876,-0.45090038597284937,-0.43057273383041084,0.44782741998569864,0.9854273055368432,-0.20264283316340442,0.3760290234041509,0.6951733030718805,0.0017920712791210658,1
2024-04-04,-0.3322824310194209,-0.34920644579669446,-0.293549852721008,-0.3474695363077278,0.12578412119965726,0.10599645113392725,-0.006861149912458864,0.6497592979890499,-0.3761055966340828,-0.46063679393826396,-0.45530605117513084,-0.533175396190776,0.1274670430236435,0.3436394607573073,-0.9561651173115033,-0.80034208084336,1.9200783583785976,-0.03869487915364515,0.08014289954849706,0.2827332381201953,-0.5860769270203109,-0.7517748168956515,-0.7571410994609642,1.189119128383623,0.20220497698660844,0.09507829806577252,0.3925806898490587,-0.48008615847209773,-0.4156997216501431,0.5652818103136399,0.3088295515427819,-0.005175072960015517,0.2641103693778838,0.1274670430236435,-0.0031802662556992267,0
2024-04-05,-0.3601190332349472,-0.4066664392563151,-0.3285855284185112,-0.36295891247625206,-0.20086051046969866,0.004918650569649403,-0.5523924865113459,0.4031526053086083,-0.35530826771497237,-0.42849213050313933,-0.46054556365007127,-0.5188561397093236,0.22832825888492755,0.682436961743283,-1.0567404069813533,-1.1964997917848144,1.9002590845989877,-0.037243158182058284,-0.563250779181385,-0.6407091114302002,-0.8440886868743677,0.07957582917588132,-0.9055501986324301,0.5117021037303834,0.21869716406038706,0.11903997705455478,0.3742996488795622,-0.4963752441992133,-0.40843918697406906,0.5432486169063505,-0.3403818900698732,-0.1882423004149939,-0.2326826657700343,0.22832825888492755,-0.015553330256317666,0
2024-04-08,-0.33228236628013114,-0.3903860240526222,-0.37140701650420943,-0.4384699550630241,0.028811567884028617,0.8580351365757184,0.6664045443869057,0.8170312783694615,-0.35607852167071813,-0.40859304476182245,-0.46408578338304957,-0.5038759934285465,-0.16502946047799918,0.3354225890053813,-0.8182891982916192,-1.0277252331167008,1.8793958735445624,-0.034675193199881944,-0.11909383875925798,0.3487686702360486,-0.145279228299714,-1.229431801978979,0.3470517423444384,0.6083590474960593,0.181279094157371,0.1300090657573894,0.2130019489127848,-0.5041366690579687,-0.40716241247082213,0.21135751137951858,-0.6174645057175567,-0.6437830809541583,-0.4891735828096699,-0.16502946047799918,-0.020862863715245483,0
2024-04-09,-0.40427386315371105,-0.49477194329766505,-0.5261479858604496,-0.5381832777106994,0.010250284128399366,1.1063576211647599,0.6318922059535748,0.09968041677933565,-0.3957475446195743,-0.4035226143708949,-0.47211027276501233,-0.4913925344439107,-0.8556539820142983,-0.0748452747012405,-1.0739942364083455,-0.8552280958742511,1.9138803013009125,-0.028236622085127797,-0.16871952005370178,-0.2393153028217259,0.46487459846499496,-0.37022040508534276,0.7116552065684543,-0.5537278489079493,0.08785951789786,0.1183112256935531,-0.0683987106099872,-0.5176211875331727,-0.4088629178542004,-0.224473371252659,-0.8381643992256088,-0.8392648966190489,-0.965739230801329,-0.8556539820142983,0.002896145513893833,1
2024-04-10,-0.5492172249453614,-0.5905388059150442,-0.5008442988179348,-0.5246300364782167,-0.2208356205976367,-0.23378318850598126,-0.8475959578376177,0.2546755468727331,-0.42925441789397156,-0.39768685369817114,-0.48230608707981926,-0.47833997919167853,-0.7483383231695105,-0.054178046072596166,-0.9870434777444631,-0.8543914481014279,1.9008916376332463,-0.035577210374924964,-0.6045335854399384,-0.5741259053541756,-0.9702881713280518,0.705504568178609,-0.9230022290073925,-0.09019432850363418,0.018040403397527736,0.09365193708746572,-0.2293097985524757,-0.5402706476955313,-0.4048540918450657,-0.10557074568712248,-0.9847611568533976,0.03547377833958402,-0.8401842327467017,-0.7483383231695105,-0.005569361733976486,0
2024-04-12,-0.5568966552354382,-0.588623786487517,-0.5066840831602323,-0.5507687481553539,-0.06510360183730697,-0.07964553061309695,-0.46770668021691447,0.5183718664885789,-0.4696937538128211,-0.4101237932809339,-0.4791434959926981,-0.4676188986312258,-0.8706207759107819,-0.5405389670210184,-1.0657377105863424,-1.3145482607537737,1.5826467877485968,-0.04377275663194731,-0.28508313445295547,0.1894354289269224,-0.872720626789134,-0.19731488359543295,-1.0297129117251345,0.39988526735419916,-0.05576527600492075,0.057749824949858544,-0.3688848591720554,-0.5390764789432788,-0.3995756237605339,-0.25442021758822003,-1.216737439066994,-0.2762019536506527,-0.6300224322433774,-0.8706207759107819,-0.02323164203244954,0
2024-04-15,-0.6960802784893383,-0.700670791393636,-0.6721303304226206,-0.6591946780152158,-0.11059923413490433,-0.353886162968639,-0.5129174791508105,-0.2516653008814482,-0.5286195977692962,-0.42906618685149894,-0.4603095258559913,-0.45952300843496013,-1.2029004854601009,-0.7162913028660612,-0.9661117225627918,-1.1555490682560894,0.7489411086472021,-0.07132460411445307,-0.32472329307997205,-0.2929037622844726,-0.22490923587197173,0.7092332422846095,-0.746659113621916,-0.28803399477705455,-0.18010077275880032,0.0017797304465770008,-0.6180206609881163,-0.6059915472772676,-0.28534777666503314,-1.1849368633516826,-1.1571333248399807,-0.9264765301715343,-0.680663863357455,-1.2029004854601009,0.00700788287577403,1
2024-04-16,-0.7162380781099137,-0.6661947140892245,-0.6341750495930695,-0.6272475615299542,-0.31336309869926254,-0.7994734071739279,-0.47919759435269577,-0.16489933991418398,-0.566170363325605,-0.44810421738878287,-0.4602623096177194,-0.4514087550315622,-0.8319452690191687,-0.7153517933797205,-0.7638395998396159,-1.1548402639563058,-0.4334627670934782,-0.09724187825690855,-0.7181094726786932,-0.6109857887827935,-0.2728122921789243,0.6089618828915095,-0.0924185074192733,-0.36687262151105077,-0.2603031881302272,-0.06057288553661718,-0.6972570574295499,-0.6060344242096004,-0.28520107668993994,-0.9609770902069528,-1.1571335699574192,0.18685617215160413,-0.5950503070530606,-0.8319452690191687,0.010754824322143586,1
2024-04-18,-0.6356077703722007,-0.5924544621353517,-0.5504788304273104,-0.5778755273005118,-0.2097727160791659,-0.5218588194037814,-0.14864564260546784,0.2971429464190767,-0.5740657614432345,-0.47173440552788276,-0.45275706866491056,-0.44336794883070935,-0.29728428661597156,-0.8242565796263779,-0.775249895622243,-1.315347758863051,-0.5044111847914315,-0.11055664768673816,-0.466959355401293,0.14648629567835095,-0.39556007583755803,-0.14769095645387792,-0.5000305711743103,-0.1862073165924384,-0.29479764934806235,-0.1180145173681431,-0.6362891956865279,-0.6174190406273773,-0.256772198403977,-0.713321308319881,-1.1555225504257411,0.32480782511552786,-0.2508533066329182,-0.29728428661597156,-0.0018776291667689238,0
2024-04-19,-0.7037595503376836,-0.6575756699769469,-0.6234695397294292,-0.586587837832506,-0.19777520731043396,-1.0315709271097147,-0.919281125242246,-0.5531471124877485,-0.5863901198064007,-0.49450353846294964,-0.46007351699342974,-0.43797068494921043,-0.37864226703633025,-0.8040971442064597,-0.7925727450745765,-1.3119704467283975,-1.2734090495413029,-0.13498187222829885,-0.39216671543847165,-0.1810951829045477,-0.31194951351408756,1.389248282314953,0.2483623926528134,-0.9994995504968468,-0.3271445765654174,-0.17105672495420593,-0.5816721411690178,-0.6241680623070454,-0.26452510603084456,-0.7223556192254728,-1.2682884665447685,-0.14028293350143756,0.21506447531847553,-0.37864226703633025,0.01170565840965443,1
2024-04-22,-0.5434580539285221,-0.5560628955015812,-0.46386245974539914,-0.532374872902575,-0.31406338258231864,-0.12037534407451127,-0.2769964266597529,0.8382133642989805,-0.5827312954881146,-0.5127762387184363,-0.4589406455216155,-0.43053568455227004,-0.08313640654948806,-0.6865370333184436,-0.7018540636182754,-1.214534950592042,-1.3697877623252943,-0.14110856329174978,-0.6606859495482862,-0.49221053126484915,-0.9910940611753818,-1.0181167244505014,-1.0895151125198221,-0.5204412417453669,-0.32054530970236833,-0.21204424679258807,-0.4320181428415109,-0.6237143601423836,-0.26266331740421967,-0.31574974364861275,-1.4036082331010076,0.35981481306663554,0.3166596231901649,-0.08313640654948806,0.02541317832078427,1
2024-04-23,-0.5252202999540152,-0.48615298495363907,-0.45315712132475167,-0.4132999042142925,-0.05298204860867815,-0.9433157256417457,-0.9353418479450895,-0.5456799143730772,-0.5338190480275684,-0.5177510321426448,-0.4455350238814167,-0.41994310705986304,0.7787434610746311,-0.3423985915770173,-1.0467084680809717,-0.9204256267058099,-1.4488731183949153,-0.1397785411508477,-0.0329927343019768,0.6923732208134857,-0.33269320434141286,1.4097392873844725,0.118780279924428,-0.11905084595046175,-0.24547725753766184,-0.2283829311699804,-0.12601289663493195,-0.6220589752833381,-0.23647901062251986,0.5328938298696065,-1.3568903780530737,0.8644864384021318,0.6339626878887652,0.7787434610746311,0.0036268745376561995,1
2024-04-24,-0.39563521638453036,-0.42773542459254327,-0.3324784832863899,-0.3958740964295344,-0.03760678242476841,-0.017880438209415865,-0.39586350122494185,0.7694893098390377,-0.48779531191531583,-0.5135416276372449,-0.4336398878931298,-0.40857949428123436,0.7177445055721582,-0.10194755620359006,-1.015845443774306,-1.0017875207234797,-1.463006894569289,-0.13751202631609122,-0.002618701687318757,-0.18399879684674048,-1.0339304159624862,-0.7789843572510428,-0.9390253257992469,-0.4799790930554533,-0.17722108060727548,-0.22649538341356312,0.10025832854360067,-0.6164663673981242,-0.21785713962942446,0.5977692866492388,-1.4664345874968712,0.06237712821562862,0.7563742202486196,0.7177445055721582,0.012648064441425078,1
2024-04-25,-0.4090734864831966,-0.3990052320760928,-0.3353978844294463,-0.3348843625432658,-0.22118174671132637,-0.618667488842073,-0.8179898060591314,-0.032421696511416354,-0.4394606368930849,-0.4934512386439849,-0.4212255324072079,-0.3936911302802213,0.7516607936087533,0.32866692201244074,-1.0104287053878622,-1.177777149290697,-1.4559782500955507,-0.1448255477090515,-0.42856115654969523,-0.524746860527063,-0.6880361146725629,0.9346984312911448,-0.3578896921373888,-0.11449714871809975,-0.0895368193913716,-0.2057691414212456,0.3341330204835593,-0.6003385033155405,-0.2099323127242635,0.9741493332720763,-1.4213287595022097,0.39451150414300595,0.7771644996747357,0.7516607936087533,0.0011895033528830368,1
2024-04-26,-0.33228251926431446,-0.4018783206011865,-0.2808982606747876,-0.3290759577351414,-0.2524076766032522,-0.04260962796226729,-0.9303313099565679,0.5780762054017715,-0.3882375685510549,-0.47412620925102766,-0.408811191387045,-0.378178602894147,0.8074063050213016,0.30652337360056686,-1.0733354505640065,-1.1746512605671318,-1.4559306185252505,-0.16036420996202244,-0.4749909282233027,-0.29140986567650085,-1.3315180924802577,0.3623769535230665,-0.9753343546262747,-0.12705342131169808,-0.019984888408089367,-0.1739456851432848,0.4719004018077197,-0.5859172981351027,-0.20009874358416702,0.9015735295678303,-1.5308729625485447,-0.02735989827350435,0.24942215508237026,0.8074063050213016,-0.02158412258167408,0
2024-04-29,-0.3044456629159167,-0.3195189152651143,-0.3937908853739781,-0.43459768519094116,-0.03165341326930613,1.055946201467927,1.5526417259423333,0.48095754065178803,-0.3687881840544991,-0.4626459618390167,-0.40928322357792757,-0.36496082941157054,0.2086495719299122,0.0973208135778251,-0.4946266724134691,-0.9670645417321845,-1.5902204204609764,-0.1798947932860002,0.1510706504748464,0.4107221849144057,0.9315455785245709,-0.983568851156566,0.6376378323933606,-0.49165633220306254,-0.03070809942703178,-0.1508369360226935,0.36371087305085326,-0.5866461047217132,-0.20027080752326754,0.05534199211484402,-1.2763440237014565,-0.8658195824242184,-0.29849631442013935,0.2086495719299122,0.011940861904699007,1
2024-04-30,-0.4052341995512062,-0.4219894420344261,-0.31301426532470905,-0.377480517856948,-0.2728898009316116,-0.24604522070260584,-0.5624907573629586,0.7827825386438906,-0.3616631579211105,-0.43480642783152873,-0.4048933719397274,-0.3526609574903933,-0.022560284233773587,0.5575580289109311,-0.7480128110060291,-1.2421285785241878,-1.5795229337772037,-0.20146867554766693,-0.4420022144293348,-0.6188399398064519,-1.1918489926633453,-0.688282857689981,-0.9049983038907657,0.03726576228087368,-0.0088425447198653,-0.127558051052027,0.365823040116469,-0.5794590885757707,-0.19912827764591304,0.46974539844409224,-1.363335786560723,0.36847433214071384,-0.3133465957730441,-0.022560284233773587,0.029200030351703488,1
2024-05-02,-0.35915895491675326,-0.3300527965515294,-0.3266388486400677,-0.2361391073636112,0.09806279788796307,-0.9903633167251501,-1.1941858912245835,-1.1234309472768633,-0.32988941506138814,-0.39615633972710773,-0.395216777122556,-0.33801125329628784,0.4199580254953109,0.84936794044513,-0.3893071622107641,-1.0463370859369616,-1.404511683648714,-0.21833595399847347,0.6858451887428351,0.9025818452077102,-0.0437951067766192,1.9393289864408385,0.18785865887505954,0.9475346646952395,0.08768960669998087,-0.08777970417655913,0.5706571184151077,-0.550435327775272,-0.21135215549181763,1.356988815175842,-1.4164968461531289,1.003907484786846,0.2811522244665983,0.4199580254953109,0.004663822898361536,1
2024-05-03,-0.197897824529803,-0.21513273711137643,-0.22737125903826153,-0.21290489477072866,0.9887170633661758,0.10750678341108075,-0.03124461964441375,-0.18508895454441066,-0.30562582531292803,-0.36008924132375103,-0.3890804020383634,-0.32459153516910294,0.2795403302345808,0.7678142952174988,-0.41151168910242525,-1.0450200071752718,-1.480095106271491,-0.17961215884472548,2.854067942854424,1.008178123280566,0.13784906471993214,0.23758532741092264,-0.7549235299110668,0.970327908075719,0.1723712588804065,-0.03739885143732776,0.7022828968065797,-0.527991865352506,-0.2236202619527475,1.3599397161576787,-1.2376811424388885,0.1005545970779012,0.8671572374802099,0.2795403302345808,-0.027852976487775627,0
2024-05-06,-0.20269722220695213,-0.2917461955113515,-0.32858554837771564,-0.3523098736478315,0.11307714951281003,1.200140486416572,0.8050111864926348,0.26984845977939975,-0.31024740806164897,-0.336937443247786,-0.38889159494831427,-0.3133380622513882,-0.2329979960040115,0.41774581080001066,-0.014182223742484103,-0.6786550783502888,-1.2995391123038338,-0.17050823376956492,0.4927957825430234,-0.730796945237036,0.46470092315283257,-0.5945028554613866,0.8493534001583459,0.4495878804981177,0.15144293119367563,-0.0016806595028764292,0.5202519536957197,-0.5275592411750074,-0.22370926017843037,0.42618066335483734,-1.0330906598043923,-1.0966208294984072,-0.014881134174785262,-0.2329979960040115,-0.033824088496292926,0
2024-05-07,-0.3514799769685519,-0.43156577957753245,-0.4784605312179991,-0.5168852000538583,-0.18052499572908998,1.3676781677403005,1.1907142611670058,0.4460212637836724,-0.32661565870672765,-0.3354067240471805,-0.3971520931928386,-0.3097766014926872,-0.44762349469732,-0.17186394249080203,0.21741577844783633,-0.33648089605372095,-1.0772607214664731,-0.18248705316379008,-0.23679460355549692,-0.6042864205875801,0.6454996738173472,-0.8771256170623857,1.0953432834336456,0.23612588834969075,0.033252091188034676,0.0009921046490424588,0.11000646927482903,-0.5370397768836881,-0.23038150099610105,-0.6195031689373022,-0.978317939421568,-1.3164600726245068,-1.3343847657269992,-0.44762349469732,0.01420919690067457,1
2024-05-08,-0.5434579697102032,-0.4871105340677391,-0.4726212536327128,-0.45008706135946536,-0.22905162189518524,-0.7981607987177878,-0.46119596199674495,-0.3329372789508284,-0.3410582154481946,-0.33904210152272685,-0.401400353979261,-0.3070596119707887,-0.4096474810653383,-0.30857357434231253,0.2424144477786413,-0.450059955189638,-1.0324750939382117,-0.1835895219236962,-0.363700276975968,-0.3233495987266761,-0.10702020522833551,0.7115838074606791,-0.09434576580294507,0.3261050680612848,-0.024133278279926035,-0.009445817292197185,-0.05275734188760824,-0.5440668795159631,-0.23140676755375075,-0.14039316325738366,-0.9444879533541496,0.45198793027124656,-1.1421941410542495,-0.4096474810653383,-0.008730939804354021,0
2024-05-09,-0.4532284082844482,-0.4488037796398264,-0.42979983694721974,-0.4917148525249343,-0.23874608527025096,0.2979205312195168,0.6122616452395729,0.7516236284077568,-0.391896156812352,-0.3485132689895034,-0.4039965093304747,-0.303020842850239,-1.035430661683633,-0.460952063245306,-0.2523579136249602,-0.44126847484867776,-1.0626681824986017,-0.19405288924626724,-0.36478183306215417,-0.23654167317791383,-0.13434456177543,-1.119126132037686,-0.4753454957200476,0.05319022902808362,-0.09679853219764689,-0.03372090927850914,-0.22454015449067372,-0.5461115898730021,-0.2345493568274125,-0.4056810178053821,-0.9026032128349346,-0.39260220356799747,-0.7405245171763379,-1.035430661683633,0.005530449044691466,1
2024-05-10,-0.5002630957902726,-0.5263751755251824,-0.47554123502283585,-0.465576734208182,-0.37249546244324255,-0.31237332615752567,-0.7774201449843507,-0.17442522127612636,-0.44215646672394704,-0.36142853999838914,-0.4004563040632554,-0.3022865227263164,-1.021323731717029,-0.5468632122184517,-0.24039249254853073,-0.48367491694430337,-1.1446685865455273,-0.20902091311072202,-0.7091273667937514,-0.5728273836257574,-0.5257046576302556,0.98016272851435,-0.8076110009878421,0.15301356168455166,-0.14087387141999647,-0.0628001929554496,-0.2841822314624995,-0.545423013233309,-0.22791570093210914,-0.2534325758268938,-0.9267669405183661,0.13246128980292485,0.10761051372276595,-1.021323731717029,0.014463255942177788,1
2024-05-13,-0.4772257470152423,-0.4756187844888107,-0.4375855405986106,-0.3968421638975551,-0.20015295985055404,-0.6802733657930015,-1.012320576792943,-0.5526615888968959,-0.45101462327201103,-0.3681253265566405,-0.3942255254340385,-0.30722483582711546,-0.3088464973255276,-0.38595149582831506,-0.27081583786125557,-0.4160549754376378,-1.1103007606779929,-0.20821207705593703,-0.2188373322614849,0.5502071920681846,-0.393933406377396,1.530483404361528,-0.2674358768494186,0.19079436767012703,-0.13707180988672538,-0.08523038952907024,-0.20163653171822182,-0.5406413768268913,-0.22023292365299463,0.17752083582179193,-0.9009918761868118,0.46134165656439624,0.1130389222646612,-0.3088464973255276,0.04016071745382033,1
2024-05-14,-0.37355715201830547,-0.29270332395467724,-0.3120404697848919,-0.2032236267301364,0.15342104838344625,-1.3561437085286456,-1.1348108230888836,-1.3350076741752193,-0.3886225184861857,-0.34526049801784336,-0.3772796551293418,-0.30586633544018377,0.9990899828502985,0.3901302139621217,-0.45559429391800293,-0.19224809223170336,-0.8603419761016915,-0.19966624157958213,0.7427887565870979,0.6491782621434806,0.19713001624424029,1.8822204443645847,0.7249215761436378,0.3692052592734351,-0.022578976142463302,-0.07808318381252283,0.165554833159659,-0.5086690026461984,-0.22055207116178863,1.2913892026586102,-0.8075560454614781,1.4074485929144926,1.1821366312913997,0.9990899828502985,-0.005212406265252656,0
2024-05-15,-0.19789760488725774,-0.18927533745987957,-0.1660585905051178,-0.2293623384072736,-0.06507109275480574,0.2378187388977531,0.5082960332436808,0.7662066088050556,-0.3447169807522335,-0.3306231752379026,-0.3563215618323033,-0.30298412768794036,0.6469607391949722,0.1685153063677356,-0.32636552476539227,-0.18623544693766583,-0.9808192409684094,-0.1978857742255079,0.1267668336766951,-0.48766923895222924,-0.23849069170411635,-1.1191269577439804,-0.5635909146673193,0.2457139293413951,0.04848219142211158,-0.05679220395138096,0.3411440103878607,-0.4971581677125919,-0.18959556310641593,1.024333138719019,-0.6819013740528681,-0.26305987559851873,0.9391358954092528,0.6469607391949722,0.005433715345538603,1
2024-05-16,-0.2017373431775033,-0.261100450080364,-0.1826030197747824,-0.2022558559423081,-0.2533128314493652,-0.006676188060456252,-0.7477653608720034,0.23317744219350578,-0.2871391402325601,-0.3272747672995242,-0.3355994918635858,-0.29852312294898997,0.904688875268705,-0.1282714470490347,-0.5028587814476326,-0.3612156373958938,-0.9817494544962816,-0.19553739062800365,-0.4013355284901531,-0.5497531403726382,-0.8635930677497122,0.5677301964741808,-0.9225745061116793,0.16445263470575464,0.11592518382270779,-0.02497913602955283,0.471771434610743,-0.4833636216691892,-0.16168682338537904,1.0939081938277333,-0.7028429887672611,0.12889983204158673,0.738851295961561,0.904688875268705,0.04863914683131654,1
2024-05-17,-0.19789820653861986,0.005130695863399115,-0.13686273388867234,0.04170248624238126,0.9691083497210164,-1.804582669315079,-0.4764619027869479,-2.051714844173433,-0.1862335114599916,-0.3021139772338426,-0.30538963416774595,-0.29296065771509405,1.6889829777301162,0.42130029196601626,-0.07523609246867059,0.10750338040036243,-0.6630968357656113,-0.1494349320525479,2.515465994209464,3.241357579756542,1.4140122891470752,1.373742560053767,1.3833492608792257,0.647571923949167,0.3069117673785934,0.042326459234411744,0.9123966602431116,-0.4100060313272926,-0.18055276458910863,1.5257430786246746,-0.25661049970419125,1.719600080709089,0.9206330561772426,1.6889829777301162,0.020983053880049285,1
2024-05-21,0.09006929166608377,0.11047492659650363,0.07335277014875152,0.15206573775905455,0.18795104843688043,-0.4531271063265539,-0.5399127411194827,-0.8569074174400247,-0.07704729857767272,-0.25227061125457856,-0.2693737993295404,-0.2855807188096367,1.8115963752306363,1.0796396430154513,-0.09451416733793405,-0.12704105161030702,-0.6445068866826936,-0.13435034952514435,0.52553331413727,-0.6805688105254104,0.2917499907516216,1.0698121561973788,-0.6009470094560901,1.1414413917451116,0.5141843608327777,0.14159519220594335,1.3092059555787805,-0.3240272220050291,-0.20139233014500632,1.5257430786246746,-0.3065494429627853,0.70138194419462,1.5126806698589783,1.8115963752306363,0.005588526157024987,1
2024-05-22,0.1476624761061974,0.19570749596160358,0.24755777669034185,0.18207612594788977,0.15790003503252878,-0.24710276985846855,0.10717220924872714,0.7862229920626245,-0.00040525955356375234,-0.18319791148608752,-0.2345380522014199,-0.27884332337432033,1.173408155715404,1.6410844061403664,-0.2221542685972939,-0.6555101629838257,-0.6468330195694927,-0.11589329347348068,0.3840642501076764,-0.24738020193924917,-0.6079509589176182,-1.0475421167715733,-0.9034455404088247,1.1058358860216182,0.6847412089936808,0.2583880968790143,1.526761387334247,-0.2459264109731977,-0.21588890031430963,1.5257430786246746,-0.2437222040658033,0.1345995227485033,1.5162336843593265,1.173408155715404,0.00035854278454894306,1
2024-05-23,0.16302031139393275,0.187088075602528,0.2524236882060749,0.18401226088393122,-0.17057402931875962,-0.14852880901373441,-0.016906477487642683,0.8193910582573097,0.0818212976924418,-0.12053499942017502,-0.2054138497391224,-0.27050877899713005,1.2773621093414984,1.4454546844250709,-0.3142043704441791,-0.6063868616804428,-0.6977368460174665,-0.12049195874749839,-0.35817738482373035,-0.6244068052423435,-0.7463180561051703,-1.0745864031409313,-1.0481783368197166,0.8965206384649218,0.8081276926264437,0.37886284704283674,1.5724699947959584,-0.1774350524847209,-0.23158279487140507,1.4790701926334409,-0.332323817198971,-0.057953486561519385,0.45365125364884695,1.2773621093414984,-0.013261657800590743,0
2024-05-24,0.20237632373684095,0.18421537784388198,0.16970057173573483,0.11237348816924211,-0.20361447596064677,0.6713376584104876,0.809369035384678,0.6936452888073118,0.14440590695295638,-0.06083783015174223,-0.18063232607403107,-0.2614399201219996,0.9302672326030847,1.380875029706584,-0.021698927385429202,-0.5466126277612419,-0.6397755091597097,-0.12698401552614383,-0.422018678375299,-0.2856653773820553,0.09018227452963187,-1.0781894346717846,0.07293018056325978,0.6126768101715181,0.8500119895491366,0.4844216853956752,1.387295043914829,-0.13332867983045732,-0.22908590029237114,1.0508897675691815,-0.3178248949280986,-0.5594102643931378,-0.28479790720477144,0.9302672326030847,0.02869605408105924,1
2024-05-27,0.1284646890192092,0.2416754891414981,0.23198657278358575,0.2653323016392126,0.17937923204419087,-0.9801385010059747,-0.3356505444032898,-0.31821421965569124,0.18888931219645977,0.011392003621690558,-0.15136650382843736,-0.2493236183863336,0.5818637300394492,1.7049004724568466,-0.5403552749407298,-0.4999829309475105,-0.562592702393638,-0.1113192920304911,0.4162687579936196,0.7292369881297991,-0.01012159265213492,0.5815787643893754,0.17284590947206782,1.3340542254251917,0.959252465858213,0.5928090530646015,1.422410079710811,-0.06452073374587601,-0.2448376994647018,1.3460882748164233,-0.2936602303559982,0.9853525218697367,0.20414963627504187,0.5818637300394492,0.015889878195527674,1
2024-05-28,0.2628494887377542,0.2914746520205865,0.3176296673607609,0.35246074720261844,0.23588524438186487,-0.6254351764733839,-0.7656371097857005,-0.31853267953369696,0.22875095764850042,0.08543955545140217,-0.11813561696573574,-0.23665656671225568,0.49221436858957807,1.7251350998628783,-0.6013332814254876,-0.4995825459008159,-0.5526824339356822,-0.09222363868981703,0.47199740541769736,-0.14192534072858118,-0.3867268463233325,1.0566477136778145,-0.3479529264061439,2.109442898676409,1.081421599441626,0.7062925886137016,1.485676921781992,0.012912105759859283,-0.2619435034925399,1.3686945964881396,-0.3951492030521057,0.5138658021432977,0.5420969272463309,0.49221436858957807,0.02050740108601734,1
2024-05-29,0.30700390810650874,0.46002386663051414,0.3915941240272303,0.46669508187060477,0.4622188311926119,-1.0968195728691588,-0.15864102433814734,-0.7315725012272831,0.2853660397377389,0.15164220802614317,-0.0741896962905928,-0.2161322902748021,0.7575044057025293,1.4528848744895577,-0.531627984545848,-0.6842181563790336,-0.6654446214462658,-0.0729097949506962,0.8786141032382562,0.04669911101192059,0.5140493653653284,0.6822867732987897,0.3441647615731701,2.1389455332717087,1.2282207997791335,0.829250793196931,1.6033010667382441,0.09984415269776878,-0.26726467752801775,1.4331515223681455,-0.2324439459785741,0.683869770569064,1.2985879127349178,0.7575044057025293,-0.04478883971441694,0
2024-05-30,0.44714794170222066,0.3881985055907377,0.2582633119617087,0.2120871074971099,-0.12351196919099469,1.7210310281805612,1.9985211581114588,0.5681551689234228,0.2909505579596366,0.1952670895547723,-0.04544310800839354,-0.19228521288555459,-0.061484308667697135,0.8904725165988541,0.47185063404637123,0.01892130621353292,-0.2539653200159483,-0.06706808156696416,-0.3596337367391814,-0.7337080247855515,1.24452106792537,-1.128845397695859,1.6141592787841919,1.3209071358529958,1.1763805286266966,0.9162564444142982,1.156964805975949,0.13062916430933283,-0.2415765159416156,0.6497070854347421,0.03658389652605321,-1.720150809864071,-0.33450899116461047,-0.061484308667697135,0.009270808917416717,1
2024-05-31,0.23405278569674579,0.19666518123806506,0.23295979290154076,0.26242780255495796,-0.1595019457652296,-0.19668323734765503,-0.8222180048207403,-0.2754468299647559,0.3207986659299949,0.24118802056580424,-0.021133602068425263,-0.17539582753139876,0.334202400544977,0.9422769030695307,0.39218250072709115,0.016236173781229556,-0.33233266179833415,-0.0771406565444147,-0.4166779700915599,-0.28401625372443784,-0.47478509030793226,1.1096958324660982,-0.977474826352951,1.346787966305011,1.1483026122439182,0.9797076266287716,0.8645456970462435,0.16701834781483882,-0.23143566302376578,0.697949287827969,0.08007968177368238,0.2701706280746307,-0.4728221709975811,0.334202400544977,0.044691805942847385,1
2024-06-03,0.5680940738369812,0.4734315496191482,0.4645853599699771,0.5073551022482454,0.11423511028284437,0.43742092910430974,-0.4639273109205545,-0.3757165518078236,0.3689407184490425,0.2872047058175783,0.013985384626286528,-0.15189754980997225,0.6097952984342059,0.8909848097427522,0.6713097204905808,-0.04793301410092875,-0.12274518019752817,-0.11133899019026311,0.26871148395361044,0.39113960023539934,-0.07122370799649781,0.7423695651599889,-0.2705218027967179,1.5117319390148876,1.2532540216465522,1.0534689106921598,0.9925413990620134,0.24037438583691373,-0.2400332028116563,1.1600932302034253,0.37327295148064366,1.5742702942230966,0.02697477426913151,0.6097952984342059,-0.09993247952492113,0
2024-06-04,0.4711450962930463,0.37574884401032527,0.020798455823564013,-0.06478730868143921,0.47095778251533726,4.114446792731185,5.393481228078174,1.0289157461399094,0.28594367119030123,0.26577487155714996,0.02800462930914622,-0.1448480754951164,-1.442299027171811,-0.7166875351958223,2.5416171539373695,1.6093977049508834,1.0241177101172125,-0.09734336540960908,1.0081883472167241,0.26596829720764,3.808916335375255,-1.5953258165290987,5.128330299292897,0.004176809300573732,0.9821615198836693,1.0530674042072201,0.07184065538496777,0.2381656453008964,-0.20824386057148733,-0.2990798856786642,0.9725454216062283,-3.7503816984937624,-1.2193821249213406,-1.442299027171811,0.019350041981953447,1
2024-06-05,-0.06639266566306837,0.03386134335783559,-0.2935496213920748,0.034926310646428586,0.436627171501244,-0.7645268159151338,-0.047952837252975083,-3.8021149864436348,0.20005823061176098,0.2512332443809399,0.05491027613456873,-0.13364968094683205,-1.460384588049946,-0.5529167241621739,2.5289744717523797,1.6626113409778236,0.8947710943553046,-0.07320841825514196,0.8262434615500477,-0.2414155952291772,3.3522506981730067,1.4100059476971094,-0.14372939961199474,0.1835429264435577,0.813466978679957,1.015776409497132,-0.38612726884823945,0.2237787830968297,-0.13588431699527698,-0.11172513707528467,1.5589295730702497,0.6412591229879134,-1.016220415321672,-1.460384588049946,0.05160327324906322,1
2024-06-06,0.10926640729662138,0.22539449285980978,0.16678053132842172,0.30599113529608346,0.23386164961111125,-1.4005233355125095,-0.9912491394807058,-1.4837467913113396,0.21873718410982868,0.26328743086728673,0.09177571394647767,-0.11479600065379747,0.1470351879943742,0.06850595491570771,2.7711384185963324,1.981074788434099,1.0894468089117297,-0.05510528593520605,0.3423023013060179,-0.39650896428712273,0.45574859782338023,1.7291338228125708,0.7900826740847483,0.4660754525690917,0.8273896944546061,0.988994808320733,-0.2556574419913712,0.23337272443960227,-0.06951621449140315,0.5550156219076798,1.8746742424039478,1.8287307262702523,-0.8802890165478053,0.1470351879943742,0.0042062124720569916,1
2024-06-07,0.28204689930881466,0.2675325426864677,0.3098436811743331,0.32922594124935095,-0.1572472177922221,-0.3259862688738994,-0.7740628094012637,-0.1523518291027727,0.23202435991767678,0.28471720649070315,0.13180377177702562,-0.09641961747064666,0.05903636375837103,0.2942559600162234,2.7676779348016187,1.9454023171464174,1.0625211413740914,-0.051918112715741295,-0.4547439973215909,-0.6575059518709045,-0.5424675988104393,0.9598749070506241,-0.7876235798693438,0.2133011450122377,0.8389195715962114,0.9700963259831712,-0.15779174244380662,0.22867599260269034,0.019449073670072196,0.5610074175899801,1.5766490792091445,0.0837066917594439,1.5126877692104652,0.05903636375837103,-0.009424069880789032,0
2024-06-10,0.3492394837603979,0.28955912641302006,0.3322278286129659,0.2769491112554614,-0.2907904491361764,0.5300031426143884,0.08175950604544265,0.6711652990302855,0.18619306926586696,0.28586520191339865,0.16800841370527975,-0.07998918852317263,-0.8448033725914064,-0.1866696947689433,2.4424365155012975,1.885093650222372,1.0925548832926868,-0.04872287775890594,-0.7270281475410989,-0.503253977037373,-0.5275095092141735,-0.8287684350383604,-0.1345864853518802,-0.020381492558401697,0.8041685249169495,0.9473617697850537,-0.2054150321029516,0.2061232719640893,0.12038890392536135,0.34283499053681343,1.4493848464811914,-0.4181212678853399,0.8613176180230272,-0.8448033725914064,-0.001761761472074519,0
2024-06-11,0.262849652417843,0.34031570123684973,0.26313000443372253,0.26726843657525406,0.047528002829477514,-0.023338064791346393,0.7811584213225423,0.008070689447690755,0.2522440573842254,0.27744633426558574,0.20038962526548268,-0.06385248650007219,0.9597153294550615,-0.4038146937857607,0.013935546012625567,1.8559502011001765,1.0960770642458544,-0.0390368274412392,-0.07273937455861046,0.8666567407995522,0.6774918661206231,-0.351926314363278,-0.9470385734175851,-0.07906032066631373,0.7585289564304972,0.9191721103642914,-0.27313790979929914,0.17735801804061951,0.22028089719420604,0.24939415936790926,1.6523641409324321,-0.13601701682326273,-0.2766202857398831,0.9597153294550615,0.0015883295906677919,1
2024-06-12,0.2628489135473288,0.19379172943867232,0.32054861666498313,0.27598074710724824,-0.1697256060087763,-0.08577473910827259,-1.0112976076000086,0.5518267055698559,0.30019348740008905,0.2585995776617401,0.22375503789216686,-0.05056128269289845,0.6399914234033801,-0.6314725489933913,0.02143947348464694,1.797455978347911,0.9825685898927672,-0.05167411179511287,-0.48023963861829466,-0.5322367341675758,-1.3790523904555907,0.6102207542017686,-1.0387122202411985,-0.06918862437107437,0.715662977608746,0.8872262068016369,-0.319770146117577,0.1678532506977463,0.2797763379190534,0.21996224245788842,1.5508746724272084,-0.012676258420765791,-0.3321113786836843,0.6399914234033801,0.023612412849528086,1
2024-06-13,0.2791673396330373,0.3403151327521119,0.3799152967718938,0.40570534798433616,0.056414838605933985,-0.8775510218776316,-0.8144667493980206,-0.21043758973056,0.3200281759172592,0.27773330380275363,0.25472015287972216,-0.034002345051396245,0.16009904646417686,0.23157901476026954,-0.8670418338251611,1.5989725174505913,1.0020401744114913,-0.046923165935907375,-0.03676205167034971,0.29871740577215466,-0.5260270410423816,1.057777606150776,0.022220200575413712,0.22465533016843448,0.7464117735902005,0.868408152004327,-0.15679326739217325,0.15890097652831017,0.35454742867715217,0.7456310501283301,1.4928802925765612,0.7981874110712286,0.37594583790975,0.16009904646417686,0.03425714892557852,1
2024-06-14,0.4087525710825814,0.6429384040852144,0.5035139085806458,0.5983552243233493,0.895914469185971,-1.2708093322030187,0.38778682442823736,-0.9067985941250806,0.37356212415502166,0.31093029637534897,0.2937569590217526,-0.014414333382473141,0.6852670435956876,0.5513235760131615,-0.4093074765141902,1.7023626949245512,1.0741103171967423,-0.0019803760664636547,1.4086553804025774,1.0129086410462997,1.1494319278399059,0.42150826535744623,0.5996280116997662,0.27408730082191957,0.8713805765522209,0.8807409034448378,0.2299312646440334,0.17699066323598786,0.4159547374260443,1.5257430786246746,1.6797490481151118,1.1900961072902931,1.1675470723778205,0.6852670435956876,0.016478089964497178,1
2024-06-18,0.6381659406612552,0.6936954373488436,0.7487638215994095,0.6941965737791341,0.13497679732482146,-0.35187936771657025,-0.11268695069339842,0.6661809569875855,0.45655905338526764,0.3293943292012846,0.3255717637775661,0.005173683912431366,1.157892361634684,0.19388522014447188,-0.6599401767969163,1.5190720654245182,0.9100417934086578,-0.03460072807349496,0.08765048735446863,-0.6910392633793608,-0.6934949929987045,-0.7273146329773171,-0.7496056228842708,0.28469065495708096,1.0119825061641805,0.921420334871742,0.5818437149615632,0.24055342182074074,0.41140008771794623,1.5257430786246746,1.744187111923739,0.5355220748616234,1.5054584978364458,1.157892361634684,-0.01031603165535444,0
2024-06-19,0.7264757744258847,0.664965244367362,0.7088621032670476,0.6332068398928655,-0.1582046421435331,0.6528404301264875,0.24254882978436462,0.8863808000419229,0.5293498226306484,0.39837145064006974,0.34903160888079404,0.023935587551684272,0.9989543459471654,1.4760726687005186,-0.4654852642775289,-0.5024856957428383,0.9118364809233598,-0.04813782596115144,-0.46272815528027383,-0.5917588562851687,-0.5787057638124627,-1.279734454099041,0.045771328951211686,0.03769525918442363,1.0712754158149476,0.9669580550132546,0.6421573843834645,0.28449496041665756,0.4113172558294606,1.220477492546064,1.5637618277808363,-0.4509607458817614,0.7408456427922034,0.9989543459471654,0.0023162906492986135,1
2024-06-20,0.6276072920441745,0.5893091966428782,0.699129976124329,0.6467597844451558,-0.22878224271351813,-0.10740932083859366,-0.7232799997722726,0.6429372042218919,0.6031034683349584,0.4588340088273107,0.3716890093855542,0.04278927909668428,1.012319077846868,1.2394549360431744,-0.4741214430113431,-0.4907952755691608,0.912370720311853,-0.06325979560577344,-0.5831069132491572,-0.36582000053946595,-1.207938271151592,-0.14769095645386482,-1.0704775412872038,0.5202783385283913,1.109895643127291,1.0118519411247047,0.6341644479540204,0.32529947594540004,0.41306476787021407,1.1072977446258203,1.1723019082048858,0.014125182906477475,0.0520470810130289,1.012319077846868,0.02310988433068606,1
2024-06-21,0.637205883654055,0.8181919727800379,0.7049687246281122,0.7822921967699833,2.5674600989047995,-0.9314065145474543,0.2632878738827769,-0.6786892300082307,0.678012376944392,0.50590299389805,0.4008603991546041,0.06450681518679592,1.003285036751709,0.862200850829696,-0.4795275391190222,-0.9711878357441814,0.9425669780565168,0.0438164045611453,4.059637373184964,7.140540649086941,0.8366654952630735,0.3723824765570211,0.10129439004079649,0.6243238447077846,1.203399527098873,1.0682586372653886,0.7770912806332841,0.38737338865424786,0.40464699930256737,1.39850385890234,1.4364975822615444,0.7796857502291732,0.1930679765821135,1.003285036751709,0.045337347725997734,1
2024-06-24,0.7427941980067572,0.958011876730698,0.7769873629902895,1.0543265722886213,0.1992053103390154,-1.9327296348158705,-1.1131935933715655,-2.570580403612133,0.7687120817890848,0.5775588299601351,0.4467888666040616,0.09281489731499332,1.2003287803557445,1.4170308290806062,-0.2074211466051624,-0.5988974104067935,1.0458785400513557,0.05956946316052899,-0.010925743610756761,-0.9125246904727147,1.3191171635156984,1.9696886596491592,1.5715030949096291,0.6555107904078209,1.4188731612372631,1.1606055275175744,1.2232741063023618,0.5014815680101781,0.37307750184402894,1.5257430786246746,1.5444305481812788,1.5980372938726786,1.4164714318363396,1.2003287803557445,-0.01790403609206348,0
2024-06-25,1.0749158761415964,1.0489905331577685,0.9745500783956903,0.9420277791962913,0.02856921586114683,0.8856407254959918,0.9696279028821013,0.44868658013817,0.8180095152417501,0.6432831804272585,0.4797837012069232,0.12088431963628418,0.5715378470186808,1.2963183858930196,0.1374117339094117,-0.47865570275902913,1.0659565785959058,0.053671741392367925,-0.28528123911084646,-0.4144460520102423,0.449334804496588,-0.8257144845552378,0.38758409030693924,1.8778028330418097,1.5021052258610843,1.252723534572797,1.2204326149277682,0.5729631417968002,0.36213408502387656,1.2955514603630107,1.07081117697156,-0.7303293374982199,0.95289856423341,0.5715378470186808,0.025302543393113552,1
2024-06-26,0.9347719579832431,1.048990256374873,1.030023204934605,1.0978904983901316,-0.030545682218901155,-0.9871951251705638,-0.6346093765699421,-0.5179076984451907,0.910442232472623,0.7253668468083655,0.5161299339869556,0.15165237389832373,1.2179469664173252,1.6753492009925204,0.016020918816669876,-0.4968564917316592,1.0918601051398,0.0432524369237744,-0.3690508532951855,-0.30113982476221157,-0.09389000242843716,1.0078894591237526,0.18320691089485097,1.9135119401940845,1.638012064285327,1.3562022306588086,1.3614709275640118,0.6679416933712073,0.3319199444602483,1.4572958753649834,0.587527040377805,0.8604131772193324,1.0011524836102155,1.2179469664173252,-0.022225606444996493,0
2024-06-27,1.0729964269703205,0.995361169078722,0.9735769648080891,0.957517452045008,-0.2870418332072884,0.7723028726334605,0.2563902729322686,0.28615487855099336,0.9722567058058866,0.7927176120798257,0.5400618257468256,0.18025418857687717,0.7623442444957639,1.333942843193397,0.4098406577335204,-0.21576815831534304,1.147512446580776,0.013951127618862929,-0.7818927069262939,-0.6437681318585898,-0.030730698179751346,-0.383186160261197,0.22117397303633307,1.2131279996142192,1.6399473624286214,1.4394093124845355,1.1098071189750327,0.7210555697444907,0.3225657379977208,0.9586434935154221,0.47153971081997,-0.889437181087457,-0.45721067401422233,0.7623442444957639,0.029628374135763025,1
2024-06-28,1.2448160900927792,1.1639104369576656,1.1185854844871317,1.1404860603434288,0.2458039566828901,0.6868228584966317,0.08569713225826192,-0.06721762238221882,1.043506967139776,0.8653300523571448,0.5853294105180735,0.21438175332702633,0.8779931558707835,1.4163279236822977,0.4706958310991167,-0.17560331823078348,0.9377091009770298,0.02839395197816331,0.13696713798838567,1.4648716895437146,0.1351223386971124,0.0616282601075134,0.09566657354416071,1.3807751766242788,1.726482320186678,1.5249393092850327,1.138645159304384,0.8000236321534019,0.3289157460374822,1.2204987990341962,0.7566761993033327,1.0196778761563425,0.5642734554986082,0.8779931558707835,0.07551770253522072,1
2024-07-01,1.1536264870582291,1.6006071005268023,1.2635947153862277,1.6206593916894116,0.8702297442780308,-2.655469181720265,-0.3710288553763301,-3.0129112789935886,1.1561592638087022,0.9663561123088168,0.6515551030521188,0.25700908631069413,1.40539656732356,1.978838327143168,1.1953536038650643,0.49245182104113133,1.3530652974840047,0.06866363138965711,1.0713296442097464,0.4915191900053719,2.364519844949282,1.4735035464869934,2.6326770074094834,1.8581343075301056,2.052573192886006,1.6648268576071743,1.8134719523688714,0.9796464558620149,0.2665213656882045,1.5257430786246746,1.471935916593473,2.7091915226114276,1.6479635352034752,1.40539656732356,-0.010192539041638748,0
2024-07-02,1.6297320785034803,1.5316554344677766,1.5185772779531703,1.550956753910764,-0.03663380470849602,0.508691249235744,-0.3607911398555788,-0.11515306163523568,1.2772845900478194,1.0510227977094946,0.7024398289441638,0.29737839180512665,1.5529743317365319,1.5941151880150006,1.0750944134091034,0.60670741827046,1.2827646021396313,0.06276360626796162,-0.4076669264788683,-0.7931952258481318,-0.21343754793370562,0.4511404886922708,-0.16587801405853814,1.7079812446941751,2.2402249702943147,1.8178612068960325,1.9766841149309382,1.1125335555646367,0.2243142556983137,1.4162606024521476,1.3978327011195664,-0.44641410152268785,1.9336077991094816,1.5529743317365319,-0.003861506467021769,0
2024-07-03,1.5894170559550014,1.5278249825185148,1.561398848961025,1.5248186355940117,-0.1707687013539729,0.42655335623638735,-0.14994343899256996,0.5076695389116134,1.3622071541674305,1.1391335866522803,0.7799470488895948,0.33741724958690555,1.0141728879665688,1.6872331660510134,1.1581835361626345,0.5587727303128339,-0.060095909224783424,0.037667632214568585,-0.6019975384423496,-0.4398508902456787,-0.5846421232645812,-0.4367395840621519,-0.2864782906754087,1.640217831676409,2.3428178069092773,1.9627721380681802,1.8758351980285821,1.18916428798219,0.30070248281740086,1.2176486510649356,1.5879242800111633,-0.2133236139509964,1.169362144597896,1.0141728879665688,0.018664651825162526,1
2024-07-04,1.5567799089932093,1.6417871347773527,1.6791575959711962,1.6506697798782468,-0.11398680801813152,-0.49122915641628373,-0.2693647503969724,0.4391684570570368,1.5000857990152512,1.238341899229167,0.8587287022270997,0.3788145908776688,1.7838026177516828,1.9216335910240752,0.7521997720215726,0.5299618174812883,-0.06104427898753587,0.01613479152497055,-0.4751362789808592,-0.08271715869887857,-0.6281633303038936,-0.24610367549253803,-0.545003064308541,1.6379417361183333,2.466715860388984,2.1058534211180584,1.8531208641370713,1.2777063800123367,0.3664340055338912,1.2739680033256158,1.6990785869366103,0.6160250203450441,-0.032280444003571995,1.7838026177516828,0.005355841493768221,1
2024-07-05,1.6009350048100357,1.6025221866273343,1.6528804891943587,1.6874569370234196,-0.34065224244358727,-0.4452057337415953,-0.9693124879478677,-0.11841662143454457,1.608886707876955,1.327792016165098,0.9260872662329588,0.41865149838885735,1.331813675869357,1.6681847030265933,0.7789861352793855,0.5375600167999999,-0.26249266967228524,-0.006332702167022481,-0.862551345873014,-0.6613552030221411,-0.7439019722019087,1.2511557064375107,-0.6125776915937338,1.5386875273277163,2.5536731326805104,2.2393753300812356,1.734445140561413,1.374583438741066,0.398953899977965,1.1646280242830171,1.3946099206998113,0.1260327398470181,0.3059301542983558,1.331813675869357,-0.01752414766746546,0
2024-07-08,1.6633280733389233,1.5651737049468504,1.5818361384958715,1.5664458333990956,-0.274129098151198,0.6137293107113238,-0.1931653517400793,0.3177024876019998,1.5981027984110323,1.3784006244706408,0.9864125780796136,0.4558632099098759,-0.28773235691524723,0.8051243365336695,-0.7342035322929302,0.4821328051986886,-0.1557044083634728,-0.010903597572670193,-0.7346741005575553,0.044321835042750266,-0.4529364833310434,-0.13978486071801494,-0.011654198390975593,1.172456409484673,2.518175250586152,2.338413416256557,1.3063425698400883,1.4333918964721568,0.4593417931715518,0.8492342726773098,1.3801107949667415,-0.7163429336898727,0.005988489391568351,-0.28773235691524723,-0.01783672100017597,0
2024-07-09,1.547181344100387,1.4923907801621978,1.4777022313574781,1.4454347297747718,-0.3809214341677697,0.6498814901515225,0.2742684512438209,0.4657034004440649,1.5771128469887385,1.4281482655276683,1.0433864917490987,0.48962361741105526,-0.41980629776256434,0.8060489002946317,-0.6216577900154405,0.4815028239075674,-0.10117768506910209,-0.014428346696504526,-0.9318261729485977,-0.5329130692181308,-0.17534950596628915,-0.6076589521317789,0.04142681795339129,1.0386489954273213,2.387141254737549,2.3889274892055683,0.7039367712806931,1.4552818248794148,0.5540114285863473,0.5688166812280606,1.4993202869671807,-0.72785098860267,-0.7668735594341264,-0.41980629776256434,0.0002905639469537036,1
2024-07-10,1.395518746184217,1.340121617664826,1.321987612014013,1.4473708647108132,-0.22502036817843352,-0.26297406098331333,-1.1917385114282828,-0.9819764719648385,1.5617072957598472,1.4626845860934077,1.1009268266887318,0.5233105945876374,-0.34907448309075745,0.4769668873734101,-0.6175047288069723,0.42943372326091633,-0.10714381752225646,-0.025086885839018712,-0.6258826888068236,0.5061818893596979,-0.16793133847824324,1.9176008869048202,-0.8801422630781274,1.0280128896165983,2.254838045248969,2.4003442005391604,0.2185590009867118,1.4607185377679823,0.6682673560339467,0.5053258171314621,1.7312970462741406,-0.06045627267308663,-0.8716491017423792,-0.34907448309075745,-0.0023238363525668326,0
2024-07-11,1.4684702555394737,1.449295654345375,1.5020325888951478,1.4318817852224814,-0.41256513764148595,0.2626765900514202,-0.005235208597655816,0.8139187720147909,1.5181870030322624,1.5095621799566854,1.1572871317813156,0.5587048718189722,-0.7001707268780879,0.744843808910992,-0.9879484271483333,0.28775388926023343,-0.096217337674883,-0.03458360249039779,-0.9794703307672399,-0.6989372728055682,-0.7312027143034971,-1.0668237448281823,-0.5270929766783727,0.8593756919613926,2.112831226539031,2.3783564547142673,-0.19614368644659844,1.4468665517771504,0.8016284294350944,0.4154227596658279,1.4735445565392453,-0.15671100416286818,-0.5515286359751044,-0.7001707268780879,-0.012374448393845161,0
2024-07-12,1.4329547233712188,1.379385857100464,1.421255746106942,1.3495939736793718,-0.36480738314819455,0.5453445557912574,0.12265772555104618,0.8293667921452907,1.4509808700372746,1.5302266252983046,1.203309973844279,0.5914555954789882,-0.9944980990814327,0.197032285163942,-1.1487975249714923,0.23974069085705374,-0.0637526178842796,-0.05105632445773209,-0.8731726423241095,0.04926953990712432,-0.6328936670020521,-1.137340956191582,-0.11206120980288851,0.33168295722844765,1.9256740221588298,2.3197503342187855,-0.6507458466698736,1.4240778795196967,0.923365363735207,0.1826749982232839,1.1159140856474208,-0.5267457549692498,-0.43467553778101164,-0.9944980990814327,0.008696949251036479,1
2024-07-15,1.3571236658866546,1.319053291197806,1.2879255689548779,1.4067114376935574,-0.26328547058136303,-0.2523706699329616,-1.007505796134278,-0.9313725099519734,1.4192072452060474,1.5090838778490678,1.2427244230979255,0.6226091701971309,-0.5569396191801081,-0.60324190390064,-0.999039395884997,-1.2892479662107852,-0.16085400129642796,-0.09638911395971621,-0.6091558986630817,0.2216493295817577,-0.051624592172383486,1.6361413825763813,-0.8957108617729987,0.6710261779231201,1.7870130366857124,2.2424775698374906,-0.8824846038087722,1.4170156476246663,1.0136930246827802,0.24616563490739699,1.051476200405026,0.2490427586697903,-0.25711669818676536,-0.5569396191801081,-0.00453020141742333,0
2024-07-16,1.394559197312655,1.3286295812591506,1.4436396366352755,1.3767004561443372,-0.42357271297640564,0.15058385039923292,-0.628672835595312,0.7850216427612761,1.4055349424203256,1.491863536049558,1.2760024683358615,0.6527530498221442,-0.32889137061649065,-0.5341331299685902,-1.2117932700268577,-1.3128745876278454,-0.15907660248535457,-0.11823228916036717,-0.9446784274640236,-0.6778061536542255,-1.2518574856147466,-0.6340272699436941,-0.6916749365407048,0.36354843134604087,1.6368417550979777,2.1477489829702567,-1.0991915079782708,1.407749217498744,1.0936526028232945,0.11121984941076427,0.8372204337511918,-0.23794304690901705,-0.304234116866395,-0.32889137061649065,-0.013212018988222773,0
2024-07-18,1.3763207927263927,1.2970263572059246,1.3317196047589985,1.2895720105809314,-0.3984968640607241,0.5690108720915141,-0.08738238652225654,0.5529057564447354,1.3741463265384768,1.4686160130513561,1.3080060223186878,0.6838882557071723,-0.5591845278121585,-0.6481794322983427,-1.1188361309972046,-1.2658170001144722,-0.14522274057387105,-0.12762938826418735,-0.8782069139414806,-0.06497001260729546,-0.5701904057501239,-0.5471869413248854,-0.07731276194173302,0.49817015563444955,1.4458740603801694,2.0301151120814724,-1.3835512506046344,1.3739918826130049,1.1983380606013954,-0.19529129845659443,0.7518404099403867,-0.5575827054853353,-0.32226268809794284,-0.5591845278121585,-0.05915653282038602,0
2024-07-19,0.9255807259278093,1.0133070628748628,0.9465871045870116,0.904610473322318,0.04791301235557062,0.16573297515619856,0.9976667885797084,0.5416390634132343,1.269263963697422,1.394889000448234,1.320578503019238,0.7108442510685751,-1.5179153665195166,-1.5676466409698433,0.12473072884205808,-0.5752867040876136,0.3607469438871281,-0.11680867707888279,0.13522029796177795,2.0374212615069047,0.39092934232520654,-0.9339405259459292,-0.6694319915432254,-0.649637290772814,1.0504909183466618,1.849358907241165,-2.1671892364747407,1.3401546204196588,1.26247590102913,-1.4253696753529495,0.9237810173786046,-2.2491281215237526,-1.7510749606072495,-1.5179153665195166,0.005543287319209389,1
2024-07-22,0.9717311375334085,0.8981987406103652,0.8461814396587946,0.938549500619805,-0.038128202610768686,0.24456638544920262,-0.5453864760626931,-0.793149201573193,1.1875009043497011,1.3208805301870794,1.328197415908425,0.7371771351036602,-1.2299723049312092,-1.565574058843144,0.2616627196211601,-0.5735304424987684,0.30973969956620423,-0.2187053231614779,0.2881995023921635,-0.33816616434383556,0.23003297483647345,1.0474841178643657,-0.5536835745724856,-1.9593818037694366,0.7450733184594499,1.637820986892567,-2.5493316579046685,1.3218044169542238,1.2989330030726434,-1.4076655815558092,0.3816084262780569,0.13293395830236673,-1.550594420954064,-1.2299723049312092,0.027720838765938227,1
2024-07-23,0.9842299029250617,1.097720119861095,0.8880986392303677,1.109212407895068,0.2795932596016882,-0.7463163399410635,-0.26012751421147995,-1.9982374919868207,1.128323777728227,1.2756958454998484,1.3308735813741857,0.767535713475784,-0.9252088625342471,-1.053555946267341,0.6043842639490141,-0.24528366039908872,0.15779220885335488,-0.21556159457989052,1.198907147581885,0.3324398922740993,1.5558914479361776,1.2094314844736993,-0.17046722255341049,-1.2541977554777768,0.5937875068789784,1.4354360234876,-2.4357014371087846,1.319458723152141,1.3071532650363775,-0.8688299929953366,0.6952828589228244,0.9494478869448895,-0.7204736060724148,-0.9252088625342471,0.038467370861309025,1
2024-07-24,1.169792572963367,1.2511981435686685,1.2448789296724398,1.35260112411022,-0.23546139307164532,-1.0592765082921156,-1.1427107570201018,-0.8417816594060643,1.1235300504201349,1.266521850410343,1.3508926299079274,0.8020140413616736,-0.21406975117171773,-0.38683163717367786,1.0886281391989205,0.10786310447016206,0.2698710773775135,-0.2258870299135339,-0.27032960565997977,-0.7678545238293734,-0.25011464082130996,1.8167266516943672,0.28904155585529406,-0.5579896298970133,0.6076256556360824,1.276560714302499,-1.895546856878195,1.3090531821019065,1.3606577647771931,-0.13457867719051805,0.8264950568528289,1.3451044210555758,1.4421612390454508,-0.21406975117171773,0.028187828308332996,1
2024-07-25,1.2659391925797243,1.443046201155829,1.3667305814091677,1.5378102612221538,-0.15175241792992436,-1.5464887000509537,-1.0678396868603457,-1.3734188782127683,1.172908451420095,1.2754592451560658,1.3723425734860548,0.8387010906254919,0.5065038923997135,-0.043878615841596635,1.1571518849112388,0.2627006627848808,0.2859344554495416,-0.2306270572787124,-0.002312976894390999,0.013263422543485568,0.2901222387425131,1.8020695549385368,1.0043986578166002,-0.42910409674714745,0.7165642495961154,1.1733346057427998,-1.2046847679246584,1.3228559770962443,1.3900795109475996,0.4456210778270036,0.9094594763716186,0.9666411044563731,1.9602243062643578,0.5065038923997135,-0.013205138294374086,0
2024-07-26,1.560146555448706,1.5293776017704936,1.5041785664301917,1.4485997140680127,-0.3262307034996453,0.7079002286264587,0.5952331290791851,0.6798519212868241,1.2811162670964447,1.2771113429716974,1.3962871372510484,0.8700248175606978,1.3805481304575895,-0.18173812853751375,-0.2274929472503831,0.3000103644555502,0.23853847246035065,-0.23215961499100884,-0.5282690188399509,-0.5879726170717242,-0.08519717408612033,-1.0103875646850613,0.12661375973547462,-0.6596690660733876,0.7378695602734643,1.0954228258253838,-0.8904177206046512,1.3094888029719491,1.455105972463384,0.060498564624831316,1.0325627749014885,-0.5573293780438603,1.0234920770200162,1.3805481304575895,-0.0046545595012825736,0
2024-07-29,1.4832295421752493,1.4296165748780958,1.4885818593113194,1.41756993273786,-0.3550275037524393,0.43630425049211646,-0.055018995127635854,0.82209732483944,1.3764007888137901,1.2838288577137222,1.409797404193839,0.9012557945471376,1.1901909292239425,-0.08401407130641687,-0.08944446584318641,0.2718317128346696,0.1611607606386291,-0.25565630886381163,-0.5659300729096205,-0.3153856914198743,-0.782140218407788,-1.0674947925123228,-0.2721613840497178,-0.5064167397264722,0.7243866952122543,1.030138601576565,-0.7336517762686644,1.3076716518700005,1.485392904439758,-0.11104676810440396,0.958896971419834,-0.2425215554001041,0.08560916254548957,1.1901909292239425,-0.013882861594797458,0
2024-07-30,1.3861216064436668,1.3547956658105766,1.3911003892656688,1.3254501396163845,-0.4269448609812695,0.40922423065989777,0.12130746033253549,0.773591950607864,1.4194137950715937,1.2757984602710057,1.3954033661539396,0.9302258691672454,0.43806345157094034,-0.3660626158740269,0.048618525633327275,0.29653398535054204,-0.6052238060691589,-0.30638486854553665,-0.7067581418046814,-0.5044428225073863,-0.5842850273420339,-1.0279440150529886,-0.311922056783087,-0.45332240819078834,0.6479828321672227,0.961167143114264,-0.7794272825213883,1.283663277470359,1.4821416565489078,-0.4287074932236259,0.8707912959100147,-0.5822812089928483,-0.8001821923128573,0.43806345157094034,0.004594078497423881,1
2024-07-31,1.31785784288052,1.2914866138322099,1.3716046356238738,1.3555109634379392,-0.4281844131740521,-0.18410198799934055,-0.7822564622119343,0.3118268398477379,1.4199926068091009,1.2737044739322654,1.3858736711221995,0.9551397791286754,-0.1434403487397805,-0.2531603697980657,-0.4899819336172939,0.2980954082223791,-0.6108044742244878,-0.32169722382093935,-0.6762511383484172,-0.21841018589096553,-0.9640381153200568,0.5240918343128506,-0.9959474471639624,-0.39264821268188055,0.5947908493796678,0.8943328332389668,-0.7528954559968676,1.268304266030572,1.4793897346523415,-0.2659343458084588,0.7068494755031853,0.09798680798056947,-0.4256800352568934,-0.1434403487397805,-0.02124217933090311,0
2024-08-01,1.3563158743253958,1.2895675302263176,1.2936193041339827,1.215876650772059,-0.386351343351663,0.9035880310934238,0.5716704763226143,0.8898050410743336,1.3559550667800866,1.2664217570307061,1.370810042017008,0.9753129548714345,-0.9725347450827355,-0.35431714167529943,-1.0434103716857424,0.3493430753547626,-0.5508808581701535,-0.33012800628968625,-0.4780638044083162,0.039859777425605585,-0.2932827365656396,-1.3355818852303067,0.41393550912888005,-0.6083497820947058,0.4608935035841502,0.8115214797427839,-0.9512439247471662,1.2542583494334927,1.4635958666795943,-0.7874719466504421,0.7831450925863896,-0.853230211242713,-0.7779326994986955,-0.9725347450827355,-0.01763375993082361,0
2024-08-02,1.1544087835340462,1.108271328400019,1.143498361296032,1.1024243650914165,-0.3763488723557228,0.36163370621295826,-0.08586841562195129,0.5380076042615803,1.287095472604277,1.2859701054842068,1.3440782736180634,0.9927656304791668,-1.0462114586830271,0.1898282606783259,-1.0006262927850713,-0.35885988518835005,-0.591556626669305,-0.3403881899110805,-0.3986053987135955,-0.16375340108237826,-0.5555632823839787,-0.5245230959513927,-0.38179760633836707,-0.6575155796366031,0.2806426848415744,0.7057700231134878,-1.2360359324174024,1.2220618269950443,1.4437000526215455,-1.1683455005007992,0.7868556844766615,-0.7203785433015533,-0.8569918684865603,-1.0462114586830271,-0.036667588263209816,0
2024-08-05,0.8294347146462924,0.9432830543274802,0.9046700582213488,0.8706720393852161,-0.21386554582277292,-0.239211401551563,0.6315501387673855,0.4605192792691999,1.1783090812474093,1.2792623244861887,1.3042528521434307,1.0057868433824608,-1.5718510036748918,-0.3505845491274606,-0.6765147822679843,-0.027839033688842506,-0.45229681019915513,-0.3354299472193867,0.28498228443412643,0.5199888190801167,0.1424412000957514,-0.7389035444545298,-0.9150321682847781,-1.0903901798127804,-0.0032337744291122974,0.5589566909275837,-1.7458023406421244,1.1988065999738304,1.3864207568985212,-1.865938661193468,0.852077303657804,-1.4211495903720517,-1.7074374601246958,-1.5718510036748918,-0.010829891819001403,0
2024-08-06,0.8698158819890768,0.9787740077768808,0.8841988789769476,0.8047330865282083,-0.34570632113644667,0.45501316117989493,1.712907042143109,0.9199395225944569,1.074730461157683,1.2491730935543564,1.2671126806313833,1.0189161426630287,-1.5228808534277578,-0.8132157261548542,-0.6601732359334475,-0.223063379125792,-0.4691978581735547,-0.33822911505179537,-0.2727915670537196,-0.5436801775143615,0.6801257987251128,-1.4627167768071974,-0.24469172635878964,-1.1316620900952759,-0.26784186630346113,0.383516564508431,-2.101192294886989,1.1948196536877662,1.3132070807263496,-1.865938661193468,1.189599045385327,-0.46987960543215407,-1.4962117173549792,-1.5228808534277578,0.031234960125027245,1
2024-08-07,0.8871221783177081,0.9212197761720228,0.952435699664407,0.9928508762470912,-0.43013151598597926,-0.6415452682147358,-0.8656664402333839,-0.26803909429579315,1.0025917993449553,1.2136218835833654,1.2450452516528703,1.032712165886854,-1.1021175127998275,-0.8958886875691876,0.11261425874922949,-0.36371096553058996,-0.3066991156709353,-0.3401535719154561,-0.6363560384524235,-0.5419889109312135,-0.5194814302557297,1.1696938556495546,-0.3242990262465011,-0.6635338336361377,-0.36537688840457516,0.22178944310045673,-1.9309509404491243,1.1792493732904372,1.284470764161691,-1.0775530402178757,1.2804587619697216,1.0788277710826217,-0.4979849449464566,-1.1021175127998275,-0.011553491359959978,0
2024-08-08,0.9640393410176741,0.9538342520364638,0.9855796251628278,0.9210946181761851,-0.4435819895126195,0.3076385668780831,0.20928806254816557,0.7664976180230988,0.9439551252002438,1.152676860060649,1.2193846727281938,1.0434952391493242,-0.9408909283855886,-1.3515140238546899,0.06720835542149593,-0.7068338622736864,-0.29958279809865035,-0.34870085321978717,-0.6730332856470025,-0.2927261275941515,-0.5008353736508676,-1.0423318828878947,-0.46107683425578416,-0.17917930487320455,-0.4832748549778475,0.06657014045228205,-1.850159029471091,1.1633681725048792,1.2485676855494525,-1.2277319656651724,0.8593128609262088,-0.49652046816991846,0.051172998420533466,-0.9408909283855886,0.00473854814619501,1
2024-08-09,0.9832683546699956,0.9212196591127237,1.026520948106988,0.9501847044079867,-0.45304315241326454,0.24388172058645582,-0.42870031870226505,0.8838128435246574,0.9136723182842829,1.1034225321863327,1.1958977187920858,1.0526637116719666,-0.5662957199720579,-1.1454493501982592,0.07397894773730614,-0.6613354758962608,-0.2897028748699796,-0.35028382545792885,-0.7121573652515507,-0.274008373534754,-1.16477301805827,-1.0758379539315086,-0.554688844720306,-0.1879236942773555,-0.5566538108920911,-0.07368646550325333,-1.6644032633992913,1.142318944649425,1.2229904573676855,-1.0295706141966339,0.6237280503808471,0.1033057666929894,0.3913515975506376,-0.5662957199720579,0.0033014171014733584,1
2024-08-12,0.848663496987553,0.8818910611107555,0.9475614808117704,0.970548239458556,-0.45026662179446264,-0.7480338765455795,-1.0406290152218889,-0.09916380461893581,0.933539228580478,1.0592469904771682,1.1774159175649128,1.0670465023746636,0.1316982326487509,-1.053220964970403,-0.49080558400103036,-0.6310893982336692,-0.29618323155677173,-0.3536258767673248,-0.6904406807276133,-0.1912170558120702,-0.8235996263457684,1.3761478577712454,-0.16794542193203535,-0.4864324585851318,-0.5994336183881437,-0.195267041653173,-1.4325479839008737,1.1272412045104518,1.2012020429024748,-0.8810224821767214,0.16224236857163363,0.05039471751254034,-0.20332843059213687,0.1316982326487509,-0.013945469565710966,0
2024-08-13,0.9669235669464165,0.9029946773655934,0.9543855220140386,0.8842469382717489,-0.47276073961315357,0.5660835171731425,0.06940735963774249,0.8235789685074866,0.9493557550275582,1.0156464433085552,1.1519411947153941,1.0788381342817825,0.0765124312120536,-1.053959385317836,-0.44017202354207696,-0.6308316006539585,-0.3003881120919975,-0.3618178184256341,-0.7761268072152933,-0.36824984189113447,-0.6744014024075399,-1.1104761149087679,-0.0816108976744592,-1.252876745543312,-0.6802930939365498,-0.3102520391747348,-1.350666570011083,1.1047268337753955,1.1731063656527299,-1.0986628048300096,-0.015252014851535817,-0.584586255175143,-0.25501679638126007,0.0765124312120536,-0.013983810164557853,0
2024-08-14,0.8717388554519875,0.8013148020184419,0.8656771710653739,0.7989151879539249,-0.4592503473854326,0.5062010563841232,-0.0920634535219778,0.7909118351399229,0.9107789677677105,0.9606425804877938,1.1237690995970175,1.0843670236516574,-0.6893500837353017,-1.269029814233909,-1.0756846420993778,-0.6637445152296214,-0.28632058234786667,-0.3632130623651031,-0.7069595593107422,-0.09748302354644892,-0.7867698456054197,-0.9857871905968012,-0.16953427958676612,-1.9848764590234902,-0.7894971142030794,-0.4261723447546185,-1.3622780374126893,1.0869460579668897,1.1340753839513587,-1.2823552360011232,-0.26535812410073717,-0.5859978462187339,-0.6520657023096659,-0.6893500837353017,0.010797811030368365,1
2024-08-16,0.7909760182196818,0.7792527171624724,0.8890731470260782,0.8638839965815647,-0.46270319440685836,-0.44597044281002146,-1.004969685804451,0.3715913429658129,0.8993988963755745,0.925857990812867,1.103013078491283,1.1019775305746098,-0.311720704939959,-0.8953621452806795,-0.9296206668488722,-0.6294509572014327,-0.2691698061913675,-0.3657239769695848,-0.7169425245039116,-0.23690761189839762,-1.2126034126949203,0.882756423207639,-0.611454895259229,-1.6415960333542028,-0.8315380612799655,-0.5281219576752254,-1.1888375961081294,1.0713501600972481,1.108110320368521,-0.9664925623604421,-0.5090099831776548,0.32639047260014015,-0.4958270545205902,-0.311720704939959,0.00031893339462896186,1
2024-08-19,0.9053905658974042,0.8243372705051607,0.9426879515758113,0.8658236916799158,-0.45197302990928256,0.28648782647898396,-0.5555719692613965,0.8916060210057016,0.8826181951561238,0.9024766581530755,1.1011218829867873,1.117733938679423,-0.38684122438833257,-0.679928454483223,-0.9647461170084897,-0.6725246767638902,-0.7834789870392554,-0.38527300207867937,-0.5998411735244576,-0.128339114747903,-1.2829351315769264,-1.0339045817990171,-0.49213174751978717,-1.5930336137584138,-0.857435178559963,-0.6153570597247399,-1.0061629556085845,1.0727194380919016,1.1026237479526695,-0.9471286041216155,-0.6235743118969863,-0.0594117908586544,-0.19107051740669326,-0.38684122438833257,-0.0031878294261087348,0
2024-08-20,0.8678928460152893,0.7830896975264506,0.8939469917756176,0.8464297074983297,-0.4592161809771568,0.1684778581884443,-0.7834687300539,0.5959959828617263,0.8579291126846379,0.9000809843871329,1.0966302358005728,1.1279823410616872,-0.49681154837631925,-0.2627434908282663,-1.0031412076665642,-1.073984462692542,-0.788064716600877,-0.40174047419477604,-0.5776782656813053,-0.2623134754686383,-1.2187884963320759,0.04802856058894973,-0.665401773079107,-1.4867273562660035,-0.8828974655858074,-0.6907252590455807,-0.8588402067388096,1.075501870150152,1.090118234078496,-0.9862526657728431,-0.762342448159997,-0.1885207546888525,0.04292954613745838,-0.49681154837631925,0.004317161418668336,1
2024-08-21,0.8380877464385554,0.8291330483235017,0.8958967481313405,0.8726105477627972,-0.4358787393124043,-0.1954017860947229,-0.5764248408220196,0.35294448994340255,0.8556144558770797,0.9067887653851512,1.0850938217107728,1.1382866094509434,-0.18394655384027334,-0.07254072592245872,-1.094268100759908,-1.1176945365011288,-0.9301230974582501,-0.429720411398574,-0.28018478967546373,-0.03621022909329919,-0.8203308448583604,0.1807531035511387,-0.9793563376741126,-1.5014432102650213,-0.881006981742991,-0.7506055147004513,-0.6665637140953116,1.0725334078909516,1.0693116591590963,-0.842610233070257,-0.7526613326298154,0.08779151422029949,-0.09559331545142354,-0.18394655384027334,-0.0042986036528243066,0
2024-08-22,0.8669316178288577,0.7715787175500298,0.9280653613317682,0.8464297074983297,-0.4916095056473722,0.16219994048939623,-0.9037232637029792,0.9403620656114015,0.8650658236389928,0.8923191444597879,1.060413529429083,1.1490857392676892,-0.014945523050005839,-0.507091668811904,-1.3229142903774431,-1.60193233897649,-1.2631533928643488,-0.43973758623646836,-0.6242212766108142,-0.5626647387383173,-1.6316211055779313,-0.9719234709997978,-0.6746194262649401,-1.3066449207817725,-0.8884090744426051,-0.8001319045492283,-0.5380247004319708,1.0411251674606474,1.0528245468027022,-0.8582268161588579,-1.0189032780833307,-0.22941628050327542,-0.19468693611704954,-0.014945523050005839,-0.005596371091348584,0
2024-08-23,0.8409722865735467,0.745679443270133,0.8939472777881265,0.8124912735612276,-0.48353552442004477,0.2143078069348843,-0.8205101451296022,0.9398636930922104,0.8548430216363875,0.8815867534999711,1.025047872607224,1.1594248662449942,-0.29674166759370235,-0.4337054954152619,-1.4818874065010395,-1.6521119378983546,-1.5068095506502406,-0.4527126160055777,-0.48909376329000076,-0.12930350981251393,-1.5582386675232243,-1.051084619071865,-0.5981112169870368,-1.1424258338825501,-0.907555837618425,-0.8439490728008474,-0.46714704694218045,0.9634295499245663,1.065759715701931,-0.9259070572075774,-1.215761156760469,-0.27719636083536714,-0.24631730835512178,-0.29674166759370235,-0.005788741629585092,0
2024-08-26,0.8467410059368194,0.7514354021981462,0.8578793421842018,0.7775826953947577,-0.4893550326475608,0.4830227319633284,-0.39161454292228254,0.9293956052878114,0.8372905320907622,0.8645298916901669,0.9923299126368742,1.1689368050039743,-0.40110439595016895,-0.5620579231911749,-1.469828809380788,-1.6771339910910874,-1.521534129690659,-0.4590919131589223,-0.49685228991634456,-0.2652014670994921,-1.1729601278122683,-1.2359329393886553,-0.20356622555700563,-0.5869621677103887,-0.9362548944102358,-0.885292270484388,-0.4364337131392872,0.8954663079532074,1.0733471765095925,-1.0094539007197778,-1.5239555041039379,-0.2842788931116585,-0.4608127349884522,-0.40110439595016895,0.06841334776409047,1
2024-08-28,1.2524783528172965,1.183092639812372,1.2546272364268398,1.1877561154092406,-0.2219474312191791,0.4384421352007579,-0.1977694562344526,0.7867342618723164,0.905185597408718,0.8859947908838254,0.9811244751192708,1.1837669288333483,0.8191630085244044,0.22461705045963418,0.609744785666445,-0.11403453027455046,-0.5420997389168023,-0.45388755564638655,1.6877352436323207,2.4312728851600474,-0.8756932460846456,-0.9305746301543901,-0.26902240059370003,0.8584495609180088,-0.7111456020722262,-0.8690336190452418,0.2786697091068269,0.8459495072240907,1.105293680414831,0.9005239713461048,-1.1528295720522843,2.4476295265281576,1.080171764106345,0.8191630085244044,-0.013775313979304205,0
2024-08-29,1.156332090056641,1.1552745201274643,1.1376499971176384,1.0995157124844674,-0.3331696715445863,0.3919950878699435,0.4149433989074416,0.5094481171191504,0.9503205199424016,0.9072680643219738,0.9701081918699405,1.1932704961302532,0.4911423017414846,0.2268445588346322,0.7552930510447232,-0.11537975582918236,-0.5425132037420962,-0.45022029275462416,0.7078444190391683,-0.497925163298572,-0.09109829407712941,-0.7222976029970748,-0.3372190215634754,0.11791305953318301,-0.581984339282116,-0.827720715580025,0.5897080114970733,0.8029138415531506,1.1303870975024988,0.6125881656582843,-1.1608976260373727,-0.5783216138024837,0.893934642816362,0.4911423017414846,-0.0035303223857680033,0
2024-08-30,1.0323029663915209,1.0267361423562407,1.0830606748565232,1.0772130756959322,-0.4150939618002883,-0.2474116634805796,-0.6503193210017838,0.19482410231593292,0.9962268767167763,0.9347699957323544,0.9565387310401997,1.2005336846452688,0.5049388443379752,0.3637202018948867,0.7503521173146896,-0.17736770756352208,-0.5483011150522077,-0.44970836495316846,0.04202834187091682,-0.5161223211439188,-0.7439408009892138,0.4740777600815852,-0.9029920024020479,0.29446882161729343,-0.49080661401809667,-0.7746885884882474,0.7351973846519427,0.7406719108794381,1.171621743458154,0.7193166716756859,-1.1996241229424336,-0.20113036457728056,0.9449464644535945,0.5049388443379752,-0.01617370997338563,0
2024-09-02,1.052494307091986,0.9816526635252237,1.008974976618739,0.9753971805242412,-0.4256460275203965,0.5252371528789375,-0.06944930871344593,0.4604986858677561,1.0286313638516291,0.9457899425994601,0.9448132494766823,1.2070226816978373,0.31459982468115905,0.015567163250882875,0.8510546472975572,-0.10246085134956831,-0.5752751645449458,-0.4512450607248449,-0.027876059717661127,-0.26941086839759754,-0.47197674999100175,-0.4185426699024221,-0.14158422609564447,-0.133573883185225,-0.4770482055528329,-0.7292477005409189,0.6409552522557781,0.6993431049099506,1.193322987604495,0.19067155660923416,-1.0931263231823678,-0.6666236853937443,-0.8370012964925779,0.31459982468115905,-0.008141621679208955,0
2024-09-03,0.9717307760530581,0.9634264850708697,0.9816799940917017,0.9249734150125023,-0.4148930429217708,0.3321626718009236,0.26764962711552664,0.6889527523608779,1.0579496419097372,0.9516352317866485,0.9361609606079715,1.212298480615494,0.27270205127309155,-0.0918425465773718,0.8665363445377094,-0.08151059619640069,-0.6098596814965961,-0.452752406188605,0.07542787608543196,-0.14757846507518485,-0.3804535683265767,-0.9286497261955522,-0.4250689245143097,-0.3417592287861781,-0.4939699593376027,-0.696603430724786,0.4820904665211408,0.6772712245263964,1.1999138719410671,-0.10900400051798646,-1.012446939125293,-0.37090519798384775,-0.7186081051995489,0.27270205127309155,-0.021625860737984004,0
2024-09-04,0.8409723390814142,0.7946010169338374,0.8705516377888062,0.7921277385106585,-0.35778784357328963,0.34850404543258434,-0.09061995461938428,0.9097793878920142,0.979253080880164,0.9462690069882341,0.9323312376346338,1.2124849931898938,-1.2157443012285947,-0.3247565332134021,-1.2574663119510145,0.020220748691575436,-0.7500600129262449,-0.45838077020480356,0.6289803352041173,0.10450713616514967,-0.8916218517712917,-1.2640559962966402,-0.4010754410158548,-0.4658683326301175,-0.583062541976157,-0.6900128554780343,0.15864449330182576,0.6794381525996857,1.1894810635985549,-1.091216455957168,-1.0382644247776331,-0.8673562618031287,-1.0971297256671633,-1.2157443012285947,-0.0025814363851716093,0
2024-09-05,0.8053981047884438,0.8425629616035195,0.8354587067534243,0.7766131445257746,-0.24052401336657364,0.2163109316837831,0.5817712997469137,0.7103985781560757,0.9150228003194707,0.9367823593502662,0.93096014403909,1.2072186796788609,-1.0321703030765217,-0.40965032416942965,-1.1662193928748998,0.014839303075661656,-0.7681137727568009,-0.45426740955502515,1.5421026816742405,0.2732202303129993,-0.12426674295633236,-1.051098953770114,-0.5951700969997347,-0.27549191009637497,-0.6588890934627636,-0.7013579552126056,-0.06401958354265058,0.6810850615659976,1.1847716920680624,-1.1839132902524918,-0.9188585277707328,-0.16619509960711942,-0.8143828393224811,-1.0321703030765217,-0.006793919651261859,0
2024-09-06,0.754440790949664,0.6938810809016053,0.7331036976636256,0.7358866677850212,-0.28343982686615105,0.14825912378343456,-0.5583229752735298,0.07685325786132317,0.8471277350015148,0.9258582839979275,0.9184308870272511,1.203309600708681,-1.0857426327727182,-0.4404105120308959,-1.2086477358795238,0.01920701095440029,-0.9456852442677427,-0.4485307430521831,1.0783293410466115,-0.32772338678750906,-0.5579879186592566,0.4846130904367668,-0.6950882536186834,-0.599271013108978,-0.738240413997499,-0.7278240560260772,-0.2517406338908444,0.6781342216431222,1.1618690342441103,-1.3430842358943147,-0.8042936764251263,-0.3212866690798876,-0.7861907419885823,-1.0857426327727182,0.015309436158178258,1
2024-09-09,0.7169432095056117,0.8252960076862413,0.7525996199927999,0.8270363166771285,-0.06499689555474408,-0.6936409401126901,-0.13819914503723899,-0.6392174961165173,0.8176164803547393,0.9272956530752853,0.9138447205699382,1.1981733599148334,-0.5640159560554776,-0.18301140052645834,-0.7912489146094278,0.06650644697419862,-0.91477845361504,-0.43372542967679945,2.406986088637618,0.4677732173887019,0.4495184050753451,0.6171143710944773,-0.2478087218082777,-0.3177009579529487,-0.742125982626042,-0.7498484678132273,-0.19659887938726053,0.6755675166770526,1.1551484647228951,-0.6498865708492975,-0.48803090802834354,0.4924955886910211,-0.0018414596957455826,-0.5640159560554776,0.013795277810306095,1
2024-09-10,0.8630857034144344,0.840644185628913,0.9426876931232275,0.9104283718966014,-0.32170416434949234,-0.2757222057702557,-0.8490347741660572,0.44473882961454286,0.8147232478666622,0.9404237178010457,0.9119062509641341,1.1972804039601819,-0.1918908941087295,0.06323034374581027,-0.6375921507870713,0.08679657802984081,-0.8833722874228123,-0.4285891606907144,0.5036314497766924,-0.6728825967982357,-1.1412255069013093,0.44551713361908934,-0.8614245953669626,-0.03984876603913017,-0.691390198291807,-0.7563491355732497,-0.0038779398870852763,0.6725634294275402,1.1544543134592788,-0.04000925475956368,-0.4299421287803468,0.43674861481170546,0.3521686417883539,-0.1918908941087295,0.04651900214083127,1
2024-09-11,0.9390413713216985,1.2128284979639252,0.9836297168584581,1.195513709081875,1.1601597655498692,-1.545413814726814,0.018752246421973373,-1.873775059335483,0.8949629134346081,0.9411903380971076,0.9228752890436751,1.198323899956634,1.0059305829424314,-0.19798746125016825,-0.21870824984277115,-0.48652290265958104,-0.5379485143224897,-0.3656102750632925,7.268183069001364,5.066064364046773,1.6892216625888166,0.9998466975606443,1.0028204402279937,0.4888316512578199,-0.4801791083963645,-0.7152622826348976,0.586901686564395,0.7143304533359949,1.1306809731122194,1.5257430786246746,0.07027001642317174,1.6415424252155628,1.5285070129986746,1.0059305829424314,-0.011641928855393169,0
2024-09-12,1.2226733280024655,1.1303346078457588,1.1483727329340703,1.1208487984040196,-0.23684729987898248,0.6726286842484341,-0.051233963006523005,0.40764905162954534,0.963436672461578,0.9432985145927744,0.9344117031334753,1.1888459308804555,0.8388290441955413,-0.17097828629914227,-0.06973769192969329,-0.5015698334951133,-0.548658198623764,-0.3563844168336029,0.3244881851862613,-0.9587516582914195,-0.40883000001002723,-0.3567400242728876,0.07482574992218038,0.36440710893999395,-0.3565791181873217,-0.6553055834106808,0.8211631184767453,0.7402557391643518,1.1258120289337663,1.041708847298835,0.30908178424895605,-0.4997764834702961,0.915551097104393,0.8388290441955413,0.01545045631992048,1
2024-09-13,1.1024903404144353,1.1552744610793706,1.1844407293719403,1.2187858967393934,-0.2600733182570445,-0.6764952943626784,-0.7793238193419904,-0.17616551187837046,1.0594927464481099,0.9572890124923517,0.954884079631358,1.1825469345114843,1.2470768090891604,0.06736685698904073,-0.246715901049813,-0.45602006278667334,-0.5682986111371164,-0.3485952080652518,0.16401782581199192,-0.2735173686768423,-0.5258196374644822,0.9840740835136312,-0.2729830907227867,0.6044819524406244,-0.2018269754223743,-0.5734259426011161,1.0933274811171347,0.7817043028897812,1.122269589015729,1.3648790213730657,0.5172349829687699,0.4976875471702305,0.9522503618267254,1.2470768090891604,-0.009792115735462792,0
2024-09-16,1.233249007388136,1.193643943871182,1.2156347266122673,1.1557567832101048,-0.3702516983176668,0.5189180291296522,0.22761533748734514,0.7199865679619257,1.1248802963983342,0.9751124945982187,0.9691154357424576,1.1755483697129692,0.7863277278667384,0.15007757354385753,-0.02277643771476252,-0.5096364315653187,-0.5516243086855208,-0.34497971080065043,-0.35354155482387034,-0.5287010439952907,-0.4432491935683798,-0.9667478279677065,-0.15086238072454414,0.5344967960162713,-0.11881088085273851,-0.4897290654249036,1.11588772813372,0.8066502986116004,1.124131952932164,0.8992348022741335,0.6689116217113457,-0.4316716621857256,-0.25923534263612585,0.7863277278667384,0.022059942725942472,1
2024-09-17,1.1746000025825372,1.2876492114963156,1.235130939357223,1.296360053384583,0.17803488586781607,-0.699101552165581,-0.24521543940190987,-0.4182790084541527,1.2016480357691899,1.0118136350133022,0.9901078562862543,1.1688295512721223,0.9344994305764885,0.5408633512953498,0.017305835140876337,-0.4707446633012555,-0.4969745195179177,-0.32034201435956944,1.7887145825867579,2.1853196280368086,0.15847747215951108,0.5698291093504826,-0.23979109072439736,0.04914039344629378,0.02645164370223618,-0.3909369535066756,1.3032888999369394,0.8552337201434551,1.1136972888999548,1.3703507249978362,0.23646957787418074,0.7410299073335468,0.4671887357820748,0.9344994305764885,0.00848465129768261,1
2024-09-18,1.2899753319589358,1.3432847037377742,1.332611773222185,1.3516315732412372,-0.08156365148397376,-0.3290500497728896,-0.2453857084676589,-0.015560964636563068,1.232702276925843,1.0671048778303167,1.0147408744666346,1.1624612540497654,0.26854382520732284,0.9478675164667566,-0.6597988443276948,-0.7118847194235558,-0.501614497470865,-0.30557317074848145,0.6227611524065438,-0.5290954464313079,-0.20119236396298887,0.2610380987440661,-0.7831251345060741,0.4061554983277708,0.16879469174901085,-0.2807084636621422,1.4452668592865088,0.9078953434501527,1.1063151890252376,1.3724862647630032,0.23001481299051318,0.24122655604020282,0.3160676190784321,0.26854382520732284,-0.0374907490183618,0
2024-09-19,1.3390101263145606,1.2531170484785814,1.1103554871873702,1.1053336110587508,-0.11805477787511996,1.4996359561237165,1.3359462601769525,0.18909953119563844,1.2296160678490986,1.099589665254068,1.0260881632196819,1.15371712688899,-0.1932679211747068,0.4707626390056481,0.0023593481414474924,-0.20702874507299485,-0.25736506938863374,-0.29314404075265443,0.4050385954988914,-0.2788522222768277,1.0021607454838943,-0.6789717177551912,1.2890924191816866,-0.15088250138707818,0.1304087813046014,-0.20093803071419225,1.0671425272824653,0.916824810718414,1.1200592924998143,0.2501375690916575,0.5656418449958509,-1.4514560118770565,-0.2959375543586524,-0.1932679211747068,0.0317435740943639,1
2024-09-20,1.1082587449039683,1.1946028680429552,1.16299463791308,1.3060567487951835,-0.18553942608995763,-1.1593699270491054,-1.2435966237914644,-1.184381940405369,1.2469755808060563,1.1559349670004093,1.0484990093233695,1.151074085282086,0.08264663972171839,0.9811754528561889,0.26402191454293006,-0.11924120563840405,-0.15005947489637633,-0.2811745693841373,0.09775358988888568,-0.3462787096079748,-0.03269124123019511,2.0200399031813525,0.4360053206759448,0.4326760461049291,0.21296579493651507,-0.11902912845111982,1.0936907501069668,0.9501757277724964,1.1296274769016799,0.9879339117496938,0.6689108457041382,1.097553480783401,-0.09444289185688164,0.08264663972171839,0.021403111780911033,1
2024-09-23,1.3370867031870792,1.4977225076573357,1.391100447264482,1.4456904681006786,0.25892487735358644,-0.6004148095426431,0.32249142185195506,-0.33212459584140364,1.304647844121408,1.2170715576416231,1.0793730189590143,1.1510422197167685,0.6330790191302912,1.0631899797421325,0.2573631649281286,-0.09571713664937728,-0.1258423443647448,-0.25213919770018256,1.4100959390120211,0.8306298903902596,0.5791678118626327,0.12294142223157777,-0.3846894807870382,0.7474747994292004,0.3535192323770405,-0.022699403535004086,1.2727193713727718,1.0027999766828513,1.1353392220438743,1.3462030607362636,0.8899725406636466,0.7168472730752141,0.18056080921675288,0.6330790191302912,0.015570442045402588,1
2024-09-24,1.4620768435077076,1.4775781050771235,1.566566308831605,1.5494460583707206,-0.20677066166842398,-0.4636318539980033,-0.8528313476905196,0.3323767433068831,1.3549905379222327,1.2802205119007497,1.117008121958876,1.1532716053287022,0.5186469086876008,1.0872611333214703,0.2118331224484346,-0.09212291220715822,-0.13127878917124403,-0.2410881810751135,-0.13420782512767798,-0.7268402904774367,-1.0442436644797128,0.6176014290809968,-0.5855232454818043,1.2068363314781005,0.5168732626431152,0.09016378089217324,1.4779755160625958,1.0648904555569485,1.1446034402589067,1.4903027816601626,0.91417577484895,0.5021050779481321,1.3792236338113395,0.5186469086876008,-0.026221598645808086,0
2024-09-25,1.540916866030879,1.4708638487734613,1.4105965654610713,1.3719945149314212,-0.38495702242885493,1.0584701458462809,0.7840149930204229,0.5218748388481471,1.359041039799843,1.2976606838585847,1.1259913584682668,1.153696389517211,-0.09764302609381026,0.13007106898946935,0.5107477551926756,-0.21031936358189146,-0.6078663343617794,-0.2474629911761181,-0.6795619862717229,-0.6521543565609951,0.22130461845004235,-0.8571415998740425,0.6413436541411552,0.8039020953269306,0.5313490165301468,0.18362672257636425,1.2371294288412265,1.0864595565670618,1.1392670022201483,0.7670038415606625,1.019058943239965,-1.0365581695584727,0.09030513733233198,-0.09764302609381026,0.003531567651553491,1
2024-09-26,1.33900993022496,1.297241594405728,1.3911006317089254,1.3952672959493246,-0.2953820064513319,-0.2931246987813272,-1.1073884836425978,0.12666791807532335,1.4167133031151946,1.3247792464839214,1.1404118399161194,1.1534793728652781,0.6393320367872737,0.32679300586154525,-0.12385117330913424,-0.2663457762596367,-0.6480067545307888,-0.24598523034411895,-0.39817316926898494,0.20941416163579524,-1.083723222125166,1.380909567962059,-0.8358731063486745,0.9237808430567334,0.5467081345295648,0.2617630613055348,1.0468559152045633,1.1151271556967226,1.1373625520499697,0.7645050452117396,0.9448333115424843,0.05886820162446131,-0.28855888028235754,0.6393320367872737,0.03431084817705843,1
2024-09-27,1.4447706112649572,1.5389695908120085,1.5470700803862165,1.6221718673106098,0.07611636249446946,-0.9777398352208024,-0.956002091099358,-0.4889194081399997,1.4795934557261816,1.3646426223239998,1.1669833566338217,1.1581342770937513,0.684192537047548,0.5684448611160904,-0.07409990895833218,-0.09631969618412886,-0.5047451420246993,-0.2267754862192831,0.6673810751700161,0.9911871453095403,-0.40147431620507196,1.4177080141398741,0.1693240300247163,1.0603306494638023,0.6819799052381827,0.3539172462072002,1.220881748110031,1.1828465825405587,1.1171934686123361,1.3157462577369174,0.9270838257568056,1.1920731599372612,0.104014879259354,0.684192537047548,-0.021548014945508842,0
2024-09-30,1.596682047694633,1.4986818649271605,1.4983299569004807,1.4747811476928652,-0.3458090753344702,0.7672475795934327,0.05182794354720585,0.3870140990867828,1.485380038730831,1.396169222333191,1.1913327012748314,1.1616464204891805,-0.07581927119469072,0.41111180606796954,0.10753592522529283,0.013606766845786588,-0.46666071203036696,-0.2236533054601545,-0.6051134721125078,-0.8078140002518799,-0.3000731723490398,-0.3922986088897834,0.2137514580831985,0.6627902272711713,0.6901979185847509,0.4294415903050825,1.0144290690499485,1.2160344928121467,1.1309980265751163,0.7492195456182444,1.072306707478961,-0.8644902026714494,0.20800288171851833,-0.07581927119469072,0.0010141547238917692,1
2024-10-01,1.4486166916912369,1.462230498694898,1.469085229540664,1.4815685971361316,-0.28455622700522304,-0.14879601656615718,-0.35780537284023467,0.058132030690848276,1.471878169091309,1.4144718861018557,1.2184715940027948,1.1725873475708013,-0.3239758908241997,0.14146674849175805,0.013292434764723748,-0.053756160429613974,-0.48880239071970627,-0.2185562283834514,-0.4353425705466892,0.029185541224594876,-0.3655181890913473,0.2921509785117906,-1.0477860050522516,0.30502075179183463,0.6891781468252798,0.48963758030022936,0.8241338156298799,1.2434626207024675,1.1570783753146014,0.6803437392848676,0.6882730629121858,-0.033815732601457545,0.15338986722365025,-0.3239758908241997,-0.03531623980374077,0
2024-10-03,1.3486246416374104,1.3231412365562187,1.2828969741249139,1.244967330364246,-0.31680893395779586,0.6750751729475913,0.6099704354133842,0.5119090121315794,1.4466105109393053,1.4039311208975491,1.2405514924658028,1.1783979861481424,-0.4833584860936314,-0.41556653396408416,0.20038093962397951,0.2066802045732221,-0.35457410023328206,-0.21695366766903929,-0.5333865572237956,-0.31163335254134006,0.07764884653024415,-0.7933122276638142,0.0784178461287476,-0.005394894552611785,0.5382261142271595,0.5047128935877261,0.26397904943517814,1.2314135204396635,1.2167310161861433,-0.11826002699809687,0.8447897108011537,-1.3713968103026883,-1.3084811701234262,-0.4833584860936314,-0.006901740583830307,0
2024-10-04,1.2092121776339195,1.1830922952458078,1.1571458382138329,1.2003620567871753,-0.3616937779641641,0.09321750665215707,-0.32315658170849226,-0.26329511166102076,1.4078408651192842,1.4133220142947738,1.2612129653689195,1.1801264680272985,-0.6591230388625833,-0.02567513636253099,0.17870553788990975,-0.07992765308671522,-0.34380445552569167,-0.2216922492062416,-0.6559619763372854,-0.36794469956793796,-0.04819867394052141,0.5313075388237887,-0.7759039893172354,-0.24024260857498064,0.38409920190946567,0.48299588345146627,-0.19278261348775075,1.208947504947211,1.2850677985097687,-0.35234431139708794,0.9367643829135595,-0.32525632702219165,-1.005299148805759,-0.6591230388625833,-0.049554394754633524,0
2024-10-07,1.1967132134220064,1.138007901348608,0.8910226145551458,0.8823072431733978,-0.31029334890495924,2.0707511741483855,2.530520920030302,0.2073015315734405,1.260670427034246,1.3714462748367848,1.268352251543605,1.171208227957724,-2.0156624185866856,-1.0230958827108232,-0.2502111351236615,0.14693904528538565,0.01826566337680579,-0.22274240890709227,-0.5015098580997278,0.004962005285548163,2.0329734518533837,-0.921635020210997,2.127641482942294,-0.6141445310524152,0.06890939207086531,0.39654771699510855,-0.9963934717408874,1.187905901798314,1.323531969936845,-1.6303450282576535,1.3805009393497862,-1.895604898084588,-2.0438045922055994,-2.0156624185866856,0.025751110950294143,1
2024-10-08,0.8150124243863296,0.9423231067877772,0.8500805555602713,1.0393952515621279,-0.35126256953900165,-1.3862216451818172,-1.1218899629862014,-1.7173392923786646,1.1740654847526375,1.3312954017264307,1.2787066105800586,1.1617567235035882,-1.272487131700905,-0.9734574289548612,0.4412454649806982,0.19868374206862124,0.0687612812717276,-0.23393739011367917,-0.6009361705697306,-0.35084469206864916,0.5497762523719395,1.9099723581117407,0.7690839882530599,-0.5867165251056883,-0.09028651890195331,0.29250104056554815,-1.2148717827663746,1.1654517577815384,1.370299779795559,-1.1390784129340878,1.4369764893249866,0.8769281499950635,-0.8081995840463513,-1.272487131700905,-0.007283429903008676,0
2024-10-09,1.074607560560345,1.0651056760706576,1.0635644528201698,0.9938204271160743,-0.3663625921577342,0.5478456353748381,0.5919744649824239,0.8175978180628138,1.0770448819082517,1.2763874104204362,1.2827727040599397,1.1531326885669062,-1.4060825648558035,-1.236981642313213,0.3853004184641559,0.0949863564583743,0.059434555748126,-0.2356838456110172,-0.643832950772146,-0.2716423623563275,-0.21102405847426864,-1.2178076512643383,-0.10838895965613844,-0.7373657661275806,-0.24427825069732884,0.1755160637722703,-1.3754954955301106,1.1563099717095469,1.3890277853858304,-1.3928342151782849,1.4143858785662515,-0.33930903461129697,-0.8161764145273562,-1.4060825648558035,-0.012956628250512248,0
2024-10-10,1.0313414529752212,0.9835701184065226,0.9816798540004672,0.9133370245035506,-0.3309718025943064,0.7926315894935132,0.5978342429468487,0.8050886926786736,1.011078520220519,1.2310619969041887,1.2690141178934449,1.1435708585944317,-1.0356198714674285,-1.0810507534725151,0.2111025967670838,0.028262660279719427,-0.21561633331986563,-0.293997473122084,-0.37767826295145335,-0.05912123652879554,-0.19472053967768377,-1.1988555997133667,0.25102193707660375,-0.5171956180698102,-0.4129057172468878,0.04497299237738616,-1.5438137005254873,1.1718745503230692,1.3428460463148393,-1.5709822529649162,1.1739608928266194,-0.5481799499517576,-0.01731224694025504,-1.0356198714674285,0.016131603067530476,1
2024-10-11,0.9063512773967761,1.035369236938154,0.9621836451598179,1.0122442670682923,-0.1480743020897547,-0.6399229493847249,0.09846814500349269,-0.3597735568532025,0.9736590023502033,1.1932109260450101,1.26371869525891,1.1376314975357251,-0.6563212813477305,-0.9353697805381759,0.40188013355218,0.11276269283148294,-0.18838304653854604,-0.2905258307554989,0.27988793617445246,0.4641585559463985,0.40749131411593786,0.277178456562715,-0.326681021845799,-0.7071434837725787,-0.4858959861098942,-0.0754574469308015,-1.4182695049266645,1.1762504866099988,1.3268773461737222,-1.1241509974871897,1.2385043772542315,0.5227654196400133,-0.21936531762386882,-0.6563212813477305,-0.006848210679360922,0
2024-10-14,1.024611575044129,0.9816525924713835,1.0401689653635178,0.9695786885895729,-0.4381710758318348,0.3842921408533913,-0.009297763252058227,0.8264107522494418,0.9910186333356564,1.128720415586281,1.2515676599890593,1.130313016863941,0.09553996567273171,-1.4028846001885205,-0.5207946626518718,-0.2785795131744604,-0.22220707717234978,-0.29749069322481014,-0.7677166894056874,-0.8324614104461824,-0.7459156343341459,-1.0921806723203669,-0.3485289968628001,-1.0619285607699644,-0.5661335343945134,-0.1893860382151571,-1.337551718196182,1.1815907834981176,1.2954926523212063,-1.1997535033868292,0.9512859999277272,-0.32328550924714805,-0.21000812956949638,0.09553996567273171,0.011753640563725076,1
2024-10-15,1.069800430676584,1.0372882942156312,1.085009994196151,1.042304497529462,-0.312687547216227,0.2081068037555535,-0.19007325574653716,0.5523566987347543,0.9915973270446695,1.085982242954474,1.24603586684798,1.1270215470091198,-0.1430598609571439,-1.018937067527091,-0.8206851376359644,-0.22777366024526663,-0.20931897614370817,-0.2952395340802835,-0.30569156788497454,0.5931572537747938,-0.6597103010804304,-0.48141660584659707,-0.607215939197713,-1.1343023894945767,-0.5834772378253844,-0.2843298230018393,-1.1018631022239662,1.1831317666017183,1.2822003074030701,-0.890033577622226,1.0029220326641557,0.3615813785605343,0.3245490300869209,-0.1430598609571439,0.00309786735850226,1
2024-10-16,1.0294187059585114,0.9912447935230521,1.0889093115029103,1.0616978883506631,-0.42717573921032737,-0.16888811600631434,-0.8517752631307147,0.40180285948004046,1.0050991966841916,1.044489813644516,1.2345940298923153,1.1262492458768183,0.03729244441137482,-0.9946554038535247,-0.8712307848934152,-0.21953832650926694,-0.28257344790446887,-0.3189074837840581,-0.6789029763435991,-0.6051827325473318,-1.105297131866899,0.5175370371591206,-1.018285458327543,-0.8340406444513694,-0.5826179273450933,-0.36009653099958977,-0.8637875291424001,1.1773717288375865,1.264713697502078,-0.7665800652379636,0.7286121565061439,0.04290059893471953,0.04380507872012317,0.03729244441137482,0.006639977745794168,1
2024-10-17,1.0563395569376997,1.0785352782514046,1.0401687876299004,1.1033945093207846,-0.13900261074613432,-0.25893462225276503,-0.393705735262094,-0.47189874294366785,1.042904549703348,1.0304993157449387,1.2224902976552918,1.1306623903819848,0.3832780276365881,-0.4862674137205213,-1.1261407306089808,-0.43179613612184176,-0.2874178142325525,-0.32115374705592054,0.5034995500023395,1.506158888682995,0.07619176901187645,0.7343810213995254,-0.8860732336751554,-0.7898980738836487,-0.5544297181643705,-0.41453238772272105,-0.5989737257970615,1.1649621317532708,1.2532798816662987,-0.5677748816307195,0.9416059168858286,0.17331095893141776,0.3372474339491329,0.3832780276365881,-0.0187145185029437,0
2024-10-18,1.052494224453243,0.9557530205763384,0.9865543697261117,0.9850938759348417,-0.27288686873985657,0.46283712415935646,-0.43396779359707194,0.1439585512406053,1.0375039198760336,1.0092261009438022,1.2166275568735336,1.1340825939701364,-0.22619684388902894,-0.6313558989022054,-0.8804828593397903,-0.369964239054504,-0.43582521934106466,-0.32720875995104887,-0.013212875985558262,-0.4919839509724727,-0.5088960321282698,0.27890616679040314,-0.2332040674341736,-1.5730654240969317,-0.59896253032596,-0.46784053941646786,-0.5849737286080937,1.1675947028571585,1.2380745512975788,-0.9680794633544129,0.8351096755178409,-0.7601689786774125,-0.32225254796026664,-0.22619684388902894,-0.030639466022119977,0
2024-10-21,1.0024977310448868,0.9106683870153403,0.8559292162449531,0.7950363911176077,-0.37950250833153915,1.3932423084842942,1.1013601882327957,0.731221966281934,1.0027847759336228,1.000601827842639,1.1917108362222637,1.1303314138269682,-0.6373451062380946,-0.3914981668882587,-0.4265192522067273,-0.7706503157570139,-0.48954454110484213,-0.3347940670898488,-0.43283324545491864,-0.5310966657470447,0.3125707936681913,-1.1782191452196726,1.1328782424229442,-1.6222571138712913,-0.7420362574931889,-0.5418419910601262,-0.841872592744015,1.1730474596517666,1.1798666715491621,-1.4773520034331569,0.9093352762262228,-1.1992113937576718,-1.0366360109457429,-0.6373451062380946,-0.04176742312502202,0
2024-10-22,0.77174648045186,0.7188205219404918,0.5917556474522028,0.5438900812298211,-0.26165134736763407,1.5847896088382063,1.8311368080042072,0.5939769819183508,0.9036424928703451,0.9516350558756118,1.147740164633002,1.1231784383106398,-1.5235137837930137,-1.2006226754357063,-0.21924014157827504,-0.635344512563259,-0.3986170593985118,-0.3551522224049374,0.19917871824555666,0.3273696198073143,1.0747541785000982,-1.131549797061306,1.414120633289697,-1.8811034361438166,-0.9965021952379216,-0.6568099370727,-1.3504548824937996,1.1850577223511638,1.0744763850804357,-1.865938661193468,1.11103371313167,-1.6089109042595944,-2.0236960384609883,-1.5235137837930137,-0.019353693291528362,0
2024-10-23,0.4929225808606429,0.4128235300772506,0.3841214549853119,0.43237749064752956,-0.15916742093196196,0.4390111547504763,-0.29990604372526863,-0.44948859260926494,0.7784609993858785,0.8961521873030893,1.093273282771842,1.1133591971313281,-1.8786261684058747,-1.34024496619035,-0.4417948122063636,-0.6030374377371303,-0.46140001636232003,-0.35329060421648967,0.6641054572915281,0.0858943159651858,0.13840224827077097,0.6362293696079694,-0.2681869285284867,-1.7718887557745362,-1.2534697850450072,-0.8050993212771937,-1.7641269233765844,1.176754563273158,0.9698540069262321,-1.865938661193468,1.038422248592784,-0.7837015638219054,-2.036423066315628,-1.8786261684058747,-0.006693050317120419,0
2024-10-24,0.42465878905454946,0.3821282054856353,0.4640558873326051,0.3945596665137254,-0.43957763546805506,0.2256630875828988,-0.21692799360794976,0.8269271099797907,0.6374628614258352,0.8448856130848864,1.0456147683762054,1.1024366557607692,-2.084066780295589,-1.2682608531103814,-0.791488470548946,-0.6061531731376931,-0.5105135510840865,-0.35542665052604383,-0.6352667456071496,-0.8274028528640892,-0.9283675583381643,-1.016281173225712,-0.5814386443508789,-1.7654697111825117,-1.46625944154377,-0.9703641622217917,-1.9748702830764426,1.182894380614242,0.8633168431758292,-1.803779944247091,0.8383370023509112,-0.31757294908256434,-1.5540590100151996,-2.084066780295589,-0.028679977193794337,0
2024-10-25,0.39196886541857856,0.32457394103679776,0.22132786445487557,0.23359345464906303,-0.15220665267875538,1.1579444183874623,0.9986086698725507,-0.0874848526253957,0.4879778845617341,0.7679378453187045,0.9889729885396612,1.0900982346069727,-2.2394996626407364,-1.7716895260967986,-0.8017546494668499,-0.7280023186340931,-0.470922012730503,-0.34982749722057777,0.6666292982074656,1.648611652674748,0.9533960104417566,-0.3578191791607041,0.7873983476164608,-1.5998625984909705,-1.714217496759478,-1.156916602527745,-2.2391471315902147,1.189861360168751,0.7370674833880246,-1.865938661193468,0.578549823207424,-1.1270686269968582,-1.2807827759549988,-2.2394996626407364,0.02223411029055633,1
2024-10-28,0.24390349831415384,0.31498172102150623,0.24569828975511965,0.35480333400234004,-0.33787545685158926,-0.7763865183851705,-0.5249923380200054,-1.1339055912399714,0.40040876750775534,0.7071845648255216,0.9271776662355427,1.0816764874998355,-1.4131548573893307,-1.4521508266771035,0.03289340518028739,-0.4128336197901058,-0.6143483714627405,-0.3660174601062946,-0.10075492083868785,-0.6125704315266812,0.5521139771220778,1.1628622794509795,-0.12631620155867468,-1.7145961288761122,-1.8214548739408987,-1.329659868063467,-2.067711868886159,1.1154808839201666,0.6910214539705696,-1.4978227304197542,0.5236884606347417,0.7474422582536452,-0.42065515904913725,-1.4131548573893307,0.09970413637303999,1
2024-10-29,0.7236735762572117,0.7917226657071079,0.6024785604618487,0.9104283718966014,1.5616788060896878,-1.1767340036055678,-1.3547778024746293,-2.9532259451966305,0.4733188635611742,0.6941523129775161,0.8996605228340742,1.0825591141504767,0.9455369184558886,-0.4757946348522628,2.079286725052636,1.4879992591005504,0.8045578210735551,-0.2914214015320137,6.55495001173423,6.998291901639072,1.4489662105962955,2.2049624581627536,0.46150040411961524,-0.34333547390746466,-1.5625079408433205,-1.4111056755472553,-0.9342912289297419,1.04219160159958,0.7154423828575157,-0.09055928334198628,1.0916712074712775,3.5996667475345627,1.8439575864650721,0.9455369184558886,-0.0034810414290694647,0
2024-10-31,0.8871222194031401,0.8416031320324387,0.8647027890427896,0.8890952859770492,-0.2852930995419178,0.01680819302617738,-0.6183594261805399,-0.12397759309115533,0.5641670482520709,0.6770953925307001,0.8707722569055418,1.083000416223831,1.2423035069569115,-0.5558621608468575,1.9258506540393443,1.4852767342151036,0.8019112495528323,-0.29145021837926305,-0.21832686286043596,-1.0145831703240555,-0.4313219720652688,0.7338450801240168,-0.888093187541136,-0.24938317146035846,-1.3579037501749076,-1.4314228512681795,-0.17540424115716471,0.956623926169584,0.750728306122783,-0.058077739274756075,1.046490963944677,-0.199315980890342,2.4511963946857547,1.2423035069569115,0.01635439695663088,1
2024-11-01,0.9640393621159149,0.9327309069015391,1.0304206955787143,0.988972079410774,-0.46255135786858786,-0.12650908885190176,-0.7086954165166547,0.538651179277074,0.6824048073708513,0.6657879483933186,0.8582902450634933,1.0857034645609034,1.6746086824945818,-0.43882311392229445,1.802641807883819,1.5189852933893981,0.7291729780620508,-0.2971497620024131,-0.8595712642470803,-0.7652814632726986,-1.1020548588834478,0.051180382863695556,-1.0805091435347598,-0.2477522508697435,-1.1271383680897842,-1.3971038374225926,0.5028817293901158,0.9216984783734797,0.7636857018286527,0.2854108195091724,0.8447927143678046,0.5309680525638454,2.31307254657982,1.6746086824945818,-0.02390254404096437,0
2024-11-04,0.9467328510622348,0.8675025032195788,0.8705512299675451,0.8406112155636614,-0.3169835905971163,0.7218806898474183,0.15998081988027368,0.4183087835735363,0.8031499638288692,0.6515098945864524,0.840749238956489,1.0850966573320926,1.7683746097614206,-0.5035620917472688,1.7130347663913899,1.5462121173490961,0.7777567595688163,-0.2954012823459084,-0.3210974208856734,0.9094270426284157,-0.23321345213619102,-0.49161548738500005,0.14714079578316527,-0.4116327060179493,-1.0240555157378366,-1.3470577865501219,0.6981264684220495,0.8812342260740772,0.7722577583789961,-0.10303509477132752,0.9351537002466621,-0.9511772206883587,-0.3705644573510873,1.7683746097614206,0.020806679981630882,1
2024-11-06,0.8284731572409489,0.8953207852666966,0.9251411054315888,0.9666694426222388,-0.1958631633129689,-0.8530997745367399,-0.8635479079443419,-0.2831749080233487,0.9248595311162456,0.6684710021555134,0.8448626354691974,1.0873767780549073,1.741623108441324,0.1428722577091893,1.7133277975305163,1.4662733175133529,0.5679339600134327,-0.2909262652775364,0.10711607673719042,0.21265947044657427,-0.5041122310953,1.1752693350781824,-0.01368073485474328,-0.3247222108185974,-0.8612832010316364,-1.2713490256359936,1.0167185284757474,0.8881707304892508,0.773102305126567,0.2780394086696571,0.9206310381279341,0.6948883623826906,0.14594254842272236,1.741623108441324,-0.01254310772842604,0
2024-11-07,0.944809995610457,0.882850274378648,0.9631584193489775,0.8890952859770492,-0.47212623881468824,0.3909430364481869,-0.19046339019554398,0.8628195785433903,0.920616052649969,0.7025848430491453,0.8375341950262398,1.0888294292602692,-0.21108161963205116,0.5340629362235726,-0.3694785636235192,1.2062824208603053,0.51237417206337,-0.2956528763562187,-0.8975684933048156,-0.875725346994113,-0.937213415713615,-1.1155977777130595,-0.33876371290928353,-0.46549236510450853,-0.7729965321039318,-1.1914337941075686,1.0689401424981444,0.8735634729806796,0.7741131768347356,0.062327178563925896,0.9464480427781948,-0.5329553086348858,-0.4712890052193695,-0.21108161963205116,-0.03302631351387908,0
2024-11-08,0.8813538354594637,0.7850085649861832,0.746751101835763,0.6874025973716335,-0.4347898762785098,1.3241020605940117,0.9404883960734641,0.7156945088139016,0.8804962788802437,0.7277869135713384,0.8225936406009543,1.0871193330921751,-0.7203907532373386,0.3497729869062357,0.0072108232350642015,1.3294429849946812,0.6198952095909577,-0.29832885964505684,-0.7534077820001103,0.10098602685905808,0.1854262083775442,-1.1322043366944137,1.0313619663602946,-0.7825142891549464,-0.8168481971682093,-1.1371118002760474,0.7512105532199767,0.8560246061673389,0.7624833080218825,-0.5332009148261918,0.9383801092220667,-1.287088282567876,-0.6684345853772246,-0.7203907532373386,0.010180598334345259,1
2024-11-11,0.6563710032661921,0.6929210367566454,0.7048335047263689,0.747522464933588,-0.4080018823510963,-0.5799927328330663,-0.692335225241139,-0.33138194940314925,0.8324682418869772,0.7626673747610332,0.8145087277425026,1.0787711288292874,-0.8216455056521167,0.5711793426876969,-0.09275168211976914,1.3098453395728202,0.6205460623972902,-0.30134127214711104,-0.6457108990927294,-0.04325229401960117,-0.31100566937904994,0.9695437064670791,-0.414674521921283,-0.5453872828383914,-0.8102185468031473,-1.0922013023673076,0.6343706766302272,0.8464245046996391,0.7563120017204417,-0.3145832288510712,0.9190171223193473,0.3036664688052035,-0.8859334743145848,-0.8216455056521167,-0.014304210705668785,0
2024-11-12,0.7698238757722703,0.7130657651392523,0.7253052443835366,0.6621913079761489,-0.49594468741386105,0.7474332666984276,0.4439498068251344,0.7549370859983812,0.7969777817323683,0.805022237244808,0.79744057837466,1.0704780929515516,-0.6587291723247178,0.7673566518898902,-0.192978745494131,1.1918681934040145,0.6030012565383049,-0.31494542653917995,-0.9626425667410053,-0.6779272275357675,-0.28483040610753096,-1.086122847855382,0.18465877590142452,-0.4067166905215264,-0.8493959757520424,-1.064858726035054,0.41627210805235476,0.8235892654125975,0.7461562084429875,-0.5381386852786233,0.802838635973177,-0.597794076528021,-0.9228099597368921,-0.6587291723247178,-0.03990767591068023,0
2024-11-13,0.6121442652947834,0.5317693951765419,0.49427497541930804,0.42752914294222927,-0.37606266494311386,1.3096490781722234,1.0896558866291357,0.7963942545161485,0.6897344949138736,0.8122091412686122,0.7710109128924015,1.0581580575088183,-1.6538128186021368,-0.0503434067240005,-0.31956936718653317,1.4330440940072844,0.7472670855329202,-0.3125165551939259,-0.491825284247904,1.0623733968422908,0.24413020211442038,-1.2600811223874557,1.010141143493313,-0.383594111015557,-1.0115730454000154,-1.0785261358871638,-0.09285011481659645,0.8112978311278183,0.7046298173190751,-1.189089567806949,0.672138526311138,-1.5404403380696474,-1.0696915774309235,-1.6538128186021368,-0.00171760825940237,0
2024-11-14,0.40831407930069064,0.4243346347256546,0.470879364589688,0.41783244753162874,-0.38352496547302584,-0.05280534095707117,-0.006009979654202576,0.6477696079592983,0.5959930777348998,0.763529866571862,0.7405624280315712,1.0475848896563023,-1.481304122742546,-1.2154844803051488,-0.22327469815691656,-0.4513674116613076,0.7199699640066658,-0.31528679150996985,-0.513124807037061,-0.24456184022203464,-0.5835545973371433,-0.7487450295390744,-0.990304373488205,-0.2320677410285322,-1.1363649988872484,-1.1168085020855842,-0.39843474082737246,0.7833095293602682,0.6722544944571512,-1.119664409803895,0.5220756586202434,-0.1343914219857207,-1.3110644711237938,-1.481304122742546,0.021679184497956472,1
2024-11-18,0.43523461019766,0.46462245312124506,0.4279877407283637,0.5400112843935039,-0.4071540964741032,-0.7023732728663264,-0.9214057981347787,-1.1057837189745676,0.5666746816482965,0.7290327155301991,0.7151256344028695,1.0402848059475454,-0.5813242858143451,-0.9259303146234701,-0.013421571712640749,-0.24983639429129703,0.786109684939259,-0.3145038058622762,-0.609573706209413,-0.32115256012216964,0.17954635744612543,1.5690792398068434,-0.2349873344175961,0.010868639473878866,-1.1531218020368619,-1.1511066862819905,-0.3489727491051343,0.740909007684364,0.6664793377175997,-0.6674623813442797,0.7205467321935672,0.7270114798555364,-0.5717662866289019,-0.5813242858143451,0.007746836575291294,1
2024-11-19,0.5496492679798536,0.7140248341904569,0.6112523453222795,0.5846171513309594,-0.23961312162354872,-0.2188170679242139,1.3164614021981693,0.37080308202842893,0.534270312541939,0.6890735854493787,0.6898306920096124,1.0363497574417888,-0.6218187249926058,-1.0255086205471677,-0.04032989353588886,-0.3256514174947886,0.7886867328153713,-0.31843837741876574,0.0781414812016887,0.674179845424809,0.8228688161036857,-0.8334073782422254,-0.9449764751943103,0.3541482462723739,-1.1305281421045976,-1.17359378206119,-0.20234291210795066,0.6837553627620753,0.6775011238776119,-0.4547025493423808,0.7302278858608041,0.21406233103379954,0.4701266162016605,-0.6218187249926058,-0.002172584571888514,0
2024-11-21,0.5640709638843238,0.5010734886978224,0.5956553642553885,0.5720106165926397,-0.35475289762025236,-0.03487021548962079,-0.8713753637395396,0.33846165996192673,0.5163319878474718,0.6625299587275818,0.6696892631524085,1.032469854817254,-0.4154495224611823,-0.7659700940858004,-0.08081668800002713,-0.4093044200036493,0.7639654724585361,-0.32163990920571806,-0.3759239862839854,-0.5232728587191482,-1.0659299870975742,0.6436273671558068,-0.9639708383371421,0.16045528084387428,-1.1109072182604496,-1.1872834889310997,-0.09312692318260328,0.6437158715225563,0.6801597443713253,-0.43919422617931597,0.4639849333060217,-0.15114234677738178,0.4600849479853022,-0.4154495224611823,0.019762264178013966,1
2024-11-22,0.5602248644318328,0.6516740528336449,0.6219747611090207,0.6864330465026504,-0.32038161838138307,-0.8233845836178784,-0.47952545022730225,-0.5677817989137416,0.5678319510378285,0.634836460198704,0.6643938983809106,1.0315320597814626,0.6394811123635874,-0.7781635912549538,-0.9341865392435788,-0.42262068160324584,0.723887160249272,-0.3193278707321668,-0.24474654354700737,-0.0709750012350338,0.08656770932914766,0.871537003198911,-0.05731053973135355,-0.714006130043528,-1.0193579666679429,-1.1781720292738382,0.18994024329073667,0.6341601262170089,0.6797727266764735,0.011383288764738257,-0.06849770578364321,0.6564359636588734,0.41876478467875233,0.6394811123635874,-0.0014780828096195853,0
2024-11-25,0.7659783626950466,0.6948399836475301,0.7487003290783878,0.6777059019610329,-0.4356586974441802,0.6159703573064214,0.07841386889015446,0.8366217069318734,0.6195247727883585,0.6139465555455984,0.6709185923070644,1.0287002889630235,0.6438069029683955,-0.6447536985277349,-0.938377633721265,-0.44068629502514184,0.5273960270018256,-0.32613276978556166,-0.6963578455684102,-0.6194895775969235,-0.678150776794315,-1.140088115569466,-0.008363745843304437,-0.6900546636053418,-0.9447042972425103,-1.1545223413674703,0.37042640706280006,0.6384777480986046,0.6885891473429495,-0.04642993279031004,-0.1233590824582462,-0.12557278091608828,0.2175462225108991,0.6438069029683955,0.010855151257747053,1
2024-11-26,0.656370933879515,0.6948395601777864,0.7477253371787319,0.7417039729989197,-0.4109547269349932,-0.542100341335696,-0.6100961815538086,0.16789245479651876,0.6596445465580838,0.6193127217070008,0.6860009690362758,1.0255007476635136,0.4527573601894597,-0.09841784725474648,-1.1004878509598572,-0.6842054126906234,0.4823990976639797,-0.33597940672085863,-0.5647796115352934,-0.055397910627278286,-0.6846417961407516,0.4523163622554854,-0.47031063248347393,-0.7870914023863389,-0.8414976273630952,-1.1129846163557204,0.5924990791410681,0.6437164290130956,0.714272468496182,0.14491897667220882,-0.13949514906936392,0.32850157555209086,0.5019115062446072,0.4527573601894597,0.007810031922931726,1
2024-11-27,0.7332879339446379,0.7360866682816251,0.8266847206502995,0.7882489416743413,-0.4282438219287406,-0.3359463613221291,-0.6665410144714694,0.5023908968771199,0.7001500374481558,0.6233373903058124,0.7051967712097122,1.0177777363404987,0.4538762297986629,-0.12795173476995442,-1.1003812611314814,-0.6956183475835982,0.4728705096642004,-0.3355361756907263,-0.640842760127678,-0.30439123458999034,-1.0327350727651001,0.05966823305524807,-0.7729995146477596,-0.3418218768794449,-0.7273298089790604,-1.0547343012207722,0.7999790571924775,0.6477263771344053,0.7499326143128878,0.26452293165083485,-0.2895590909780896,0.21638900274495593,0.24330071273638018,0.4538762297986629,0.001775877466825726,1
2024-11-28,0.7852071938777709,0.7811710264200852,0.8705512237972134,0.7989151879539249,-0.4255460780275299,-0.06341244841870543,-0.3041661297390373,0.8404954788740095,0.7452848419533441,0.6368487065425908,0.7327611597809722,1.0116728701263364,0.524482875889245,0.07687785322177794,-1.1639610772512015,-0.7735484045737675,0.34520971855748955,-0.34622565056631704,-0.5982620903569743,-0.19484875605900762,-1.0169460299882285,-1.011593856191073,-1.0058784288634504,-0.6791678689032965,-0.626912054029275,-0.9861272714287864,0.9285534381763155,0.6244455725693389,0.8336170323876819,0.24692566062420965,-0.39121491525171803,-0.005771282750295037,0.31436165225890983,0.524482875889245,0.004190212987865483,1
2024-11-29,0.7880919599723423,0.7495167693520918,0.8539804182276934,0.8241270707097944,-0.4794327507217903,-0.2086098574325602,-0.9020155515020108,0.4166488836603793,0.7726742983527349,0.6760412749643613,0.7556448047607827,1.0041889068030265,0.25093391408019033,0.6629885355591658,-1.4188602512206312,-1.604592737028412,0.3093770317676102,-0.35176152646256353,-0.8303765691707834,-0.5288335035262463,-1.162587053250106,0.591639199018957,-0.959963375440092,-0.4003185142939096,-0.5298829479763542,-0.909977499966581,1.0221934942447255,0.6120416553951292,0.8953474183394352,0.30270282603541987,-0.4347819680873209,0.08311763657339946,0.17011807950268804,0.25093391408019033,0.012678553786753533,1
2024-12-02,0.7794383894338122,0.8444808703949847,0.8919975044184335,0.9007316764860008,-0.40320060958215836,-0.7551957610077659,-0.7091707661433095,0.03423994542074005,0.8170375505887368,0.7237623036095397,0.7551720058846589,0.999352834683602,0.5010304718764139,0.8554621216003714,-1.4438794570981375,-1.6431929806728907,-1.0808795467965593,-0.4286019936604065,-0.061155735242599395,0.4706303628404928,-0.6521658218045515,0.7176364965861112,-0.15742987039184045,0.5045221139512819,-0.4064813745509846,-0.8220139494093371,1.168856734907849,0.6106186686720979,0.8959501404377032,0.701410158445693,-0.575164289476546,0.3956340345177263,0.27510489710772484,0.5010304718764139,0.019651394618386497,1
2024-12-03,0.9111589851518687,0.9624677424047556,1.0002018914642532,1.0209720049702948,-0.28174858965649835,-0.6636127649406361,-0.7315427721030228,-0.07091786389995727,0.872588251713692,0.77129176513622,0.7616021516081952,0.9941306176240097,0.656708582062976,0.8285898469217113,-1.2499387145213177,-1.6772767169482379,-1.0149545636108734,-0.42846337864240047,0.7788753759520972,0.416619745545513,-0.5778971313494811,0.8385710211965701,-0.29189807082625047,0.6492623112100163,-0.23823892902209678,-0.714772397229121,1.408185248568774,0.6331090738653326,0.8842439066727016,1.2110750802835746,-0.5961406268172237,0.652354063999403,0.6647751961388008,0.656708582062976,0.016319509037587165,1
2024-12-04,1.0986439994207466,1.133211830777849,1.1483723627303162,1.1227879001419858,-0.18556811057451755,-0.11437104718558758,-0.04205371522378474,0.38901753284051493,0.9391331890819435,0.8244748314575667,0.7681268455343502,0.9897910272150585,0.8090809545972234,0.9435369376122386,-1.2074402059115499,-1.636779408098068,-1.0151536297621149,-0.41763140495572276,1.264003149540975,0.08617123877921234,-0.3841503641442821,-0.33778853285552013,-1.0806992074697659,1.2127019029343333,-0.04758485168253783,-0.5871968840463659,1.6606230664895814,0.6616667937086772,0.8659495601951183,1.5257430786246746,-0.5299843841090093,0.5296835793022696,0.9332540092826511,0.8090809545972234,0.0024468179482102226,1
2024-12-05,1.1236417885526238,1.065105527927209,1.1922388259381496,1.1383024941268696,-0.363084911722021,-0.05447466288619722,-0.8770857857709382,0.6628114294557094,1.0066425372795538,0.8804368816928891,0.7826419041163383,0.9904162201549314,0.821269364284207,1.0066243028504311,-1.222002527124919,-1.6933212542268146,-1.144184467673686,-0.41943428762904156,0.13100562589206366,-0.6271002415426977,-1.3604937280212506,0.05550150319950357,-0.9927553821404086,2.6071349921329676,0.10785438924763481,-0.45107161295598064,1.7667648177048954,0.7099062257280955,0.8423532471830522,1.3961141326933262,-0.8107490928364093,0.018930824227405843,0.7059629296515187,0.821269364284207,-0.0015255401959117787,0
2024-12-06,1.1313340425515188,1.053595214543488,1.1308259600826545,1.1286057987162692,-0.3105986793072748,0.05363359408865925,-0.8954872184092952,0.16396978986826855,1.0672080330829825,0.9241332417392559,0.7905377205695548,0.9870511962038957,0.7176163653280894,0.720832440694121,-1.104752913448008,-1.7171060923777386,-1.2137459697026525,-0.42392124524225133,0.524931087309218,0.010914834159593993,-0.9312893396986575,0.8903529025212299,-0.8340237027699927,2.6071349921329676,0.21915011573305287,-0.31778068638127305,1.7315775885819418,0.7382265172168909,0.8271919323195077,1.2433089797232937,-0.844634051387432,-0.1273200259632984,0.243469256205143,0.7176163653280894,0.013292627503417531,1
2024-12-09,1.1034515011905093,1.1725405700713452,1.1971130801165966,1.21296799816511,-0.3136328603407238,-0.6355504750170571,-0.5519990981267677,-0.0009725102629782677,1.1293166334247842,0.9770288694273387,0.8063293534759891,0.9826380516987302,0.7285961610954587,0.9191219449031471,-1.1009805258386083,-1.7637764782601355,-1.2318954298013232,-0.4177230505069578,0.4362237731909838,-0.22140059603716786,-0.48296714083309905,0.5511932354362822,-0.33310097734971056,2.5944834906011263,0.34974176757118075,-0.18252848981872064,1.7559259541573113,0.7906980608357269,0.8015320665568235,1.3638195706288307,-0.9269266160756252,0.41824247008257276,0.17852439117493743,0.7285961610954587,-0.010554888464829548,0
2024-12-10,1.2082511770016515,1.213787691875502,1.167868741422542,1.145090536930521,-0.23194582264398186,0.4302189712669627,0.5359038121530132,0.36312987507166733,1.154005715896269,1.0168923039044289,0.8286456513770594,0.9749702087608665,0.1918682179920513,0.6310096621307845,-0.963217477734514,-1.5479321735280902,-1.481806971135494,-0.40979043554582445,0.8606146432434165,0.07117286866986199,0.14554874081185157,-0.5935428205977156,-0.2810961927116613,2.054208399303255,0.40470028330211805,-0.062282449780842616,1.569630652027348,0.8333857407319273,0.8004600356909211,0.9811392455128612,-1.00760601575777,-0.45975476953022437,-0.10345884542526224,0.1918682179920513,-0.011429438932101021,0
2024-12-11,1.1409487901947541,1.0718205150259161,1.157146082692109,1.0723647279906319,-0.4793766566186509,0.4668542421721506,-0.14738661579220583,0.962515157824532,1.1439757724538382,1.0449691712183504,0.8444845583848019,0.9692882926648919,-0.28815791953449876,0.376824348657935,-1.0228784200230245,-1.392759302143405,-1.4420722231255212,-0.41258168622366015,-0.6573954412927691,-0.8674014395739247,-0.9884577465605224,-1.394818048666532,-0.22730586958839513,1.6630059636527157,0.3969330249933622,0.03221217005699765,1.2499372916020168,0.8599220546931532,0.8039056835179477,0.6569143520977245,-0.9769474554265741,-0.4919532130573754,-0.31631385401732365,-0.28815791953449876,-0.015877907527913293,0
2024-12-12,1.059224331203694,0.9922037194264293,1.0499168100226863,0.972487934556907,-0.45736239835499787,0.5870563273706363,0.06859437169769987,0.8939719466302676,1.1109927096384666,1.0621219631799335,0.8596142381468405,0.9612710762089857,-0.6007674194804346,0.14666306709963942,-0.9186895223364606,-1.215925072685918,-1.4291145437503652,-0.41107285006140054,-0.5261435565035399,-0.014289714955870555,-0.7379562910964108,-1.2619819584081424,-0.050817233278043716,0.8805531501161238,0.3241906989678252,0.09186622096753629,0.8174058633166326,0.8724826019053552,0.8214989624058187,0.27549478754925366,-1.1124892089629077,-0.6557330865179017,-0.9279524291813394,-0.6007674194804346,0.009085174565920395,1
2024-12-13,0.9236575896828985,1.1696627379347904,1.029445909334133,1.0287290052825442,-0.01019104448858588,-0.6324571824454522,1.2912307478945473,0.14059077649461166,1.0911256813137762,1.082341119051743,0.8889279999186692,0.9500175470314454,-0.42235653123007794,0.20920578039133436,-0.7927396231996149,-1.2014543843399434,-1.9327002219175016,-0.39676472202772933,1.9823210053728912,3.0896903377435194,1.0062724159140273,-0.6273190034553288,-0.33764275369884794,1.053411919831224,0.2929076657765322,0.1327337143526106,0.5841784273350368,0.870506054388775,0.8850146723127035,0.3986675358832203,-0.778477387214454,0.2633361029019419,-0.51836122236584,-0.42235653123007794,-0.006985349469323721,0
2024-12-16,1.0217272918157425,0.9509568274163616,1.0596651660913403,0.9850938759348417,-0.4919173857816487,0.26638585914448837,-0.48295326973538544,0.865390089850109,1.0457980182484146,1.090677953519641,0.9165869656240647,0.9407315477327651,-0.7618991421010002,-0.04114754984103138,-1.0653976334166706,-1.208480936280686,-1.9020319378327286,-0.40100362043075,-0.7729151952466441,-0.9949144355267332,-1.195879886677844,-0.9900621590015936,-0.5216467829383661,0.6877380485572355,0.23590299380540306,0.15293500651372663,0.32761598280999144,0.8527656745574678,0.962700325808696,0.17757616447201924,-0.8639973169695302,-0.3283345667335336,-0.42375696245200295,-0.7618991421010002,-0.00765989041967019,0
2024-12-17,0.9640394396971836,0.8799728609960294,1.006050508458455,0.937579356390437,-0.43936639017509604,0.20132165313473352,-0.7229651015340807,0.8059701792010638,1.004520857060662,1.0824369319294969,0.9359718931342553,0.9304158135910171,-0.7132492499515303,-0.37978089218209554,-1.0780760129801708,-1.3547465094966142,-1.9550847247972838,-0.4022633454183274,-0.45803292176255045,0.3227099047287111,-1.3532075415843199,-0.5996446498824889,-0.6171783452429281,0.340503221248897,0.15712106066395665,0.15183080174940022,0.0631169433505573,0.8397390702374408,1.017810128464579,-0.08164637046927041,-0.9188596773363276,-0.35316923266681427,-0.2472338341960216,-0.7132492499515303,0.002678044096634302,1
2024-12-18,0.9428872348995927,0.877095360307289,0.964133869051934,0.9540640946046889,-0.39893886009614293,-0.04016683938168346,-0.9216060787908137,0.226518802832281,0.9809890439787092,1.065763321630713,0.9539856691858642,0.9248993801465675,-0.47527168537308506,-0.5449310057878837,-1.0565455119623577,-1.518260281371613,-1.9614042562877683,-0.4084940912255399,-0.17954738612260607,0.050198938709272556,-1.0100226139065593,0.8749459194987526,-0.9717476911780506,0.3579526246391108,0.09969970672033701,0.13836341859609097,-0.09036686507667516,0.8272269473806536,1.0694769754709708,-0.08308742806648065,-0.9124059020684633,0.027443908789880025,-0.3825752956465332,-0.47527168537308506,-0.014611165733219855,0
2024-12-19,0.8102052772528663,0.8310518361016076,0.9056450460901965,0.8638839965815647,-0.4649314051674727,-0.3207418526558492,-0.4653803553275274,0.538376040492593,0.9593860525554737,1.0386447590053751,0.9682170542284816,0.9185187057625408,-0.4535002479835301,-0.7514907674236853,-1.0852308029977393,-1.469535709654301,-1.8744088321027406,-0.4128028380766512,-0.5657184153895773,-0.5442174372063351,-0.8885400000231182,-0.23476236686877205,-0.7953237779569161,-0.07425993614571545,-0.0028726553035794,0.10511054738523043,-0.33599561547718887,0.8037851209931315,1.1254576208625224,-0.6230545547469195,-0.8559300276197908,-0.6090952815354506,-0.5452273228829237,-0.4535002479835301,-0.015625004573264878,0
2024-12-20,0.8621243617437341,0.8425626652917352,0.7857433152277666,0.7688555508531402,-0.3649260731709736,0.6429227139186806,0.6654998309451834,0.28142668587785225,0.9076932308049437,1.0030935490343853,0.9722358736070533,0.9163673075210927,-0.86821998857282,-0.9199874365895984,-1.2338058614893648,-1.417431156902355,-1.8836782486598282,-0.41454483643533163,0.07731473702149907,0.5741345712927641,0.3320808758367105,-0.5563500913339517,0.031209483323171278,-0.6474837457200682,-0.14249355855120285,0.04791001428439612,-0.6332960534516401,0.7963195424149077,1.142212045335647,-1.182978046887549,-0.6832759694261575,-0.6464219240317591,-0.7139262183119932,-0.86821998857282,0.014415287132261367,1
2024-12-23,0.8678932454821671,0.8483182070327212,0.8880987652549214,0.8551568520399472,-0.20026145094548953,0.11163123867904182,-0.19390562606501463,0.4492506739447911,0.8818467609154316,0.9677339648189045,0.9808881624757643,0.9128735723406564,-0.512170452471079,-0.9069538932095138,-0.8361892827700096,-1.3951486274463536,-1.8331623815060478,-0.4053391649555577,0.9968855240647736,0.49114261855979874,-0.5710230474515692,-0.31825764289785413,-0.7488677324216679,-0.7813845990188057,-0.20323075926909506,-0.01116110684401739,-0.6565186395405928,0.7824607071026338,1.1758070244426226,-0.8093528621356346,-0.6558452901428342,0.459575582364039,-0.4698725160338092,-0.512170452471079,-0.002714389851922072,0
2024-12-24,0.8361649867756612,0.7830899986878989,0.8841991868079997,0.8386721138256953,-0.4814685842059562,0.011664334652320226,-0.7024477814512016,0.575742999732078,0.8621725911509145,0.9374531081315611,0.985616209100041,0.9099314760038787,-0.42806014361904365,-0.8136322973927238,-0.8472712277899502,-1.4059855212467738,-1.856157819088425,-0.4080967477840033,-0.687039956619106,-0.895379232793602,-1.1296918903204298,-0.030687858960066695,-0.8956457399638046,-1.2940101702150193,-0.2617389484582861,-0.07124020548612565,-0.6690322685398113,0.7752214743034623,1.1937915341855394,-0.9715847014152716,-0.8672244236565007,-0.1710900654794261,-0.21521486337268828,-0.42806014361904365,-0.008805659557930112,0
2024-12-26,0.8438564294506072,0.789804641767798,0.825710407823134,0.7853396957070071,-0.4825882989965773,0.41246771769001755,-0.06893196347933497,0.5220213031502461,0.8286107165980356,0.9090887435473636,0.9854743578645963,0.9075042470886353,-0.6223181805999708,-0.782127429170936,-0.868895572072844,-1.4203910797213988,-1.8467671981742622,-0.41022199525425945,-0.6862588444981151,-0.22124629784561414,-0.5264466982841144,-0.5099220983856393,-0.307159755015269,-1.496204859563639,-0.33943893082362564,-0.1363316109380117,-0.7312580096854696,0.7754583090903812,1.193229992514206,-1.2998284231368242,-0.7236147308817263,-0.3953531709002642,-0.06732817150452416,-0.6223181805999708,0.043450220545421914,1
2024-12-27,0.837126128057763,1.000837192293501,0.9251412635136909,1.0461832943657794,0.030681796277335218,-1.2875841100420589,-0.5982669438160092,-1.0475938973807957,0.8648728470503252,0.9163714604489227,0.9975308449318294,0.9081478369915352,0.36563325524883183,-0.06462920318991835,-0.022020510768147455,-0.7203001586198639,-1.3872329248098951,-0.39238030851732664,2.135807579394754,4.521674339401785,0.41083421509265144,1.2009271238643402,0.624257847865525,-0.4404750701948637,-0.24707867252339905,-0.16816377619553746,-0.3183581315299074,0.7776610856452142,1.2159805807981103,0.2546422651926981,-0.3896018010590587,1.5285586757411298,0.5479199456163812,0.36563325524883183,-0.011145568432609942,0
2024-12-30,1.0467246902880456,1.019062128353852,1.0499166574237424,0.9763661380328392,-0.32609289048715967,0.48210126363251404,0.30316092997441924,0.8555294055782294,0.9061498902095825,0.9111968614060174,1.0049538335774033,0.908276548220937,0.4464279244657449,-0.31762652778788064,-0.09385808551249519,-0.7038604218889564,-1.3515169601020045,-0.3863836522306852,0.0891430946659823,-0.7529744165687252,-0.49803623848380385,-1.2305812561513005,-0.20491918618859584,-0.8822347567571811,-0.21640945824445457,-0.1869082808585004,-0.1558801725249179,0.775150202622454,1.2343128231217784,-0.24600179803627328,-0.40412449627527824,-0.4815019142599437,0.36099385223986397,0.4464279244657449,-0.004383124362927759,0
2024-12-31,0.9351956891512916,0.9001173628049619,0.8841993192410118,0.9492157468993886,-0.44915608603890067,-0.058627409111175775,-0.635486693375043,-0.5190918481746888,0.924859649144741,0.9076513158329929,1.0073178568895418,0.9065112949196567,0.11590842342941732,-0.28522050997137177,-0.09163933403673588,-0.7119026801913968,-1.3759803809723432,-0.38818083136191867,-0.5737074036108182,-0.6567404747259006,-0.0936018513197489,1.0095108907416612,-0.9988527182804531,-0.7882829400383489,-0.20940635105859007,-0.20036913784001342,-0.09028584532024804,0.7750005517979126,1.2394241766515266,-0.44668491474321376,-0.46221324240577244,-0.23252809098532956,0.45881358899424823,0.11590842342941732,0.019496805726600952,1
2025-01-01,0.9265417595908771,1.0152254571705852,1.0411430571837053,1.0694554820232975,-0.2862563882767388,-0.8653532049722603,-0.6880969619821972,-0.13836153502610082,0.9707660059191157,0.9206835676809983,1.009681851270161,0.9066584031120843,0.5057790978347401,0.05408385022857623,-0.03987796356354467,-0.6315157381564565,-1.377302296930419,-0.3883571176771247,0.32234623912167043,0.9181093362147223,-0.47960689677062096,0.8325432338616714,0.004310560588407601,-0.2173381117098931,-0.13460550218113437,-0.1947450485355061,0.14664596520979153,0.7792000963383999,1.239671214465424,0.3451708096593618,-0.36378470934440665,0.6466625437403021,-0.04671199738179389,0.5057790978347401,0.012338147807496203,1
2025-01-02,1.0601858649283245,1.0871688852222419,1.1473981762501166,1.147030232028872,-0.3713724330010723,-0.5032817180962803,-0.7440822870016249,0.14772360966818104,1.04271180917167,0.939752851745725,1.0108638773919898,0.9074858726295382,0.8875113742969759,0.1768047867179046,-0.1811807448114008,-0.6051547954018849,-1.4023423688898835,-0.3956233604952639,-0.1001399758569512,-0.47803501151784655,-0.7840771509024421,0.6568797191211966,-0.5273066976320684,0.2947140710789009,-0.03255499079414665,-0.16788117714881512,0.4103291817395376,0.7828968332557904,1.2380087063484457,0.8454631974284094,-0.3653978904469597,0.3831012612706686,0.46425874699337955,0.8875113742969759,0.0071601699639600724,1
2025-01-03,1.0736464352552788,1.1447230538562096,1.1902899335801973,1.1926044631145407,-0.3456346736683459,-0.6965868958528698,-0.6252502591104077,0.1260719317938524,1.0718372286696047,0.9722376391694771,1.0135115742434977,0.9114209211352945,0.2518627231155057,0.4609497170413551,-0.8567684560900094,-0.7080887522472656,-1.3929622615330388,-0.3949409346761205,0.04187994368330785,-0.09795121007369087,-0.6605899132092403,0.5162580279417541,-0.2434832751210889,0.2687283582408953,0.07091911255433911,-0.12371349670434538,0.625148901307139,0.7922090256258038,1.2331309422631906,1.092474291132918,-0.6735927073403458,0.19246294659444538,0.7196419525609895,0.2518627231155057,-0.04522756696332497,0
2025-01-06,1.2015210941114018,1.1044351164725459,0.962184207903953,0.902671371584352,-0.33022791829471926,1.9639108994076817,1.9615321905111434,0.7169586591188586,1.057178207669046,0.9854615754100036,1.0024952909941673,0.9134620163623349,-0.3561613689716138,0.06565399752199853,0.12509248185678828,-0.17537676340980593,-0.9856227907539487,-0.3957085746048118,0.1354560737804063,-0.1506570208808101,1.079257572595642,-1.2631544007862323,1.9707715387905458,-0.4037895773489476,-0.022388903972819632,-0.10882801480768954,0.2616223702780403,0.7777912545817707,1.2262173485455528,-0.710612257561844,-0.2540599077444523,-1.7363034906714583,-0.6949887761705643,-0.3561613689716138,0.025823744047352548,1
2025-01-07,0.8928907431539735,0.9816522980203832,0.9660833077877041,1.06072833748168,-0.2566027505984906,-1.024080501862929,-0.9388101177620928,-0.7861955488649182,1.0793597747727992,1.005776544159568,0.9950722734170734,0.9232628830825484,0.16062263223890583,0.20903902336326602,0.32944733752132976,-0.08703347852515322,-0.8899871805969666,-0.39347830019612035,0.5340163697777118,0.05996624184600046,-0.12101640924867167,1.50096525923969,0.23736445584492122,0.058903669685828254,-0.006137237036401572,-0.0933580397941304,0.26887861351576386,0.7525985474902965,1.23886947415484,0.42019031103932686,-0.01686234134823494,0.8796022926104504,-0.4170048663129231,0.16062263223890583,-0.015598400005141011,0
2025-01-08,1.0448024694372455,0.9739780344260298,1.0148239486942063,0.9627912391463064,-0.4318714530760848,0.5573600441546193,-0.017651406764205464,0.6427638822106884,1.0581426184984046,1.0180422343485227,0.9861835851103001,0.9333211835135303,-0.4435179737822682,0.0424750220318585,0.2937134477265002,-0.018655983713814384,-0.8685604873079004,-0.4012967844881823,-0.4184549113431973,-0.7110097487927505,-0.589289691744418,-0.7344019366706604,-0.0944192766171958,-0.191159235101887,-0.05433062050454259,-0.0915437485638657,0.09934887870212049,0.7320935320636269,1.2432135432939657,-0.21275540865421794,0.06220285414552745,-0.6454424200278642,-0.8948296597903687,-0.4435179737822682,-0.01459063086480561,0
2025-01-09,0.9525014819594054,0.8857283585002635,0.9446372761994357,0.8726105477627972,-0.4611674908468194,0.548638416053763,0.012281509628954536,0.8427813333265239,1.0035563282028093,1.0266665074496857,0.9764438183223781,0.9423865205235675,-0.8942865150523457,-0.03180034274563486,0.208157416782976,0.015390946774956124,-0.8555292236317004,-0.4005846793106174,-0.5937920599019629,-0.3910015818975144,-0.7416156787636815,-1.1343033698044673,-0.1072249467300264,-0.19116046295937905,-0.14791810767138647,-0.11060222466014834,-0.15977799958905,0.72144833520535,1.23475023462075,-0.820689258697939,0.08479315224306587,-0.6083392464914851,-0.23163429612773345,-0.8942865150523457,-0.01639866195086437,0
2025-01-10,0.8294342345685215,0.744720059921692,0.7496750550955535,0.7727337543290724,-0.35336329370157193,0.4008747630385174,-0.4111170202647388,-0.1264497662656716,0.9200375949979454,0.999643699065091,0.966704051534455,0.9526103036060741,-1.2801279294093455,-0.7574793866852001,0.10345580651948105,-0.39612376674918,-0.8528317645782082,-0.3965175901416904,0.009013075373720189,0.6093915671288981,-0.2474639565059533,0.5090078900280354,-0.32418129631276377,-0.2011607086981335,-0.28168937502260855,-0.15516528075743793,-0.4764069397958764,0.7257552271684963,1.2095641140597833,-1.4196355517678296,-0.005568164877428992,-0.6749057729509872,-1.109611152923106,-1.2801279294093455,-0.06846872260100167,0
2025-01-13,0.6544479886522045,0.5605462592569447,0.4162898446392649,0.36256033431458956,-0.3624338376658099,2.083751500363684,2.1745620771280647,0.6546906261416134,0.8126012135622869,0.9389862314496631,0.9342224910021664,0.9527574005465379,-1.672259714062989,-1.448841158490433,0.710588993288445,0.4055914600841073,-0.21667260817863646,-0.4102927361272044,0.058460577066998774,-0.24777342784887327,1.3215702719211755,-1.2249502107882342,2.146729420073659,-1.0391946332252322,-0.6273556721592549,-0.2665692749727443,-1.3062098770684012,0.7978583024429772,1.06099209036141,-1.865938661193468,0.4010553120743332,-2.591976279504545,-2.2081080916711584,-1.672259714062989,0.014596114791225911,1
2025-01-14,0.3919691069726055,0.41282367003286213,0.4660053273767248,0.4440138811564812,-0.40882863293941213,-0.34905266512810323,-0.43089583827179107,0.31230427190871685,0.6899272354455517,0.889061213431064,0.9078400996212173,0.9439127258251436,-1.8442829388296504,-1.2346708445168828,0.45310107705227176,0.5025742569404783,-0.16510254459716117,-0.4070433873191502,-0.24905260802377058,-0.40664827069648507,-0.6564915767807854,0.07598477031389973,-0.7537559742219344,-0.851201114134674,-0.8468413428081015,-0.4037932505428149,-1.6267543962173647,0.8244581463752361,0.9760675306009425,-1.865938661193468,0.496257028455682,0.4662331388838841,-1.6348458752009145,-1.8442829388296504,-0.009590790359640278,0
2025-01-15,0.5025370937202017,0.4243343937343859,0.45723213515563377,0.38971131880842513,-0.46909333264721964,0.8099767182981541,0.3150873759224126,0.8054704160601269,0.5759328367645525,0.821887590573127,0.8811267316680692,0.9344428469119106,-1.7494145311626883,-1.5613305991496416,0.47860592560645254,0.34872578194705495,-0.16281036581360572,-0.4082059177674323,-0.6108896627596986,-0.5324944531548697,-0.4428931086218426,-1.1407785907290986,0.2764892001802643,-0.8524478823770428,-1.0445642754725029,-0.5569038580393902,-1.8239804407217834,0.8504287200168145,0.8911545783442655,-1.865938661193468,0.4914154782441661,-0.4242594384358166,-1.4969176701071045,-1.7494145311626883,0.03337365504073886,1
2025-01-16,0.4410031976193734,0.5298506058406681,0.5342417811761935,0.57685896429794,-0.3992566841850668,-0.908963461365084,-0.6096059585005655,-0.36114384093517493,0.5171033040596689,0.7655421715527618,0.8627346760114352,0.9266278957816193,-0.9881495168122232,-1.330214681966192,1.08636092084337,0.5964376044586607,0.01473070930869494,-0.40821834690241376,-0.1832848293839851,0.35716284716688895,-0.21192275967065244,0.8891798872738524,0.06834201783979313,-1.0033687913043965,-1.0814136830766097,-0.6874679748983162,-1.5440749713629394,0.8464489575945016,0.8571415804981002,-1.1112461697188787,0.3574867645609951,1.157568392741874,0.6968341170498837,-0.9881495168122232,-0.003514006312268614,0
2025-01-17,0.5602248899418376,0.5413616397505534,0.6219747867612394,0.5564960226077558,-0.5051882306916449,0.04449319764120909,-0.2596436397942114,0.7809200672557892,0.47409029780186646,0.7026807145639122,0.8477468185533235,0.9212401848185361,-0.7733026727428631,-1.4505436193851189,1.0742345747127617,0.5548038053131443,-0.004147971424569411,-0.40979266910076695,-0.8274370138325985,-0.7467822033308195,-0.9247363422990067,-0.8865613138032338,-0.8474442362131744,-0.9396420228473619,-1.1134724923884491,-0.7989450288168973,-1.3071168834342695,0.8474964183952952,0.8246253441450229,-1.096919682292847,0.26228569740140045,-0.20052965347961918,0.2995103882164323,-0.7733026727428631,-0.006381179609860177,0
2025-01-20,0.5659933875272903,0.470377703659792,0.5556877406540973,0.5196483427033197,-0.4861679951830569,0.33758171867807446,-0.6338575836843322,0.4673451435669936,0.5053375155471871,0.6648296437047337,0.8355957832834727,0.9127632693262476,0.3341735065026623,-0.9934999740332808,-0.4346876023540066,0.30294523439061716,-0.025919040642292755,-0.4145340724953297,-0.6929207894194798,0.014751982927262172,-0.9728009852970456,0.07718091375324589,-0.41711232216526595,-0.9524186941765861,-1.1510781511763133,-0.896368036967538,-1.1326416473415544,0.8528677285711035,0.7932059642106996,-1.1444384809648696,0.08317686553949895,-0.3060907628265544,0.37035911380919345,0.3341735065026623,-0.026026710603483494,0
2025-01-21,0.5217665195570867,0.4799702835539647,0.43676091945451945,0.37031792798722396,-0.45454558197121403,1.0857835099661457,1.1691574000130602,0.7940137538976652,0.4906782584896389,0.5966019619174698,0.8119556369566491,0.9029256311839089,-0.3754478219193296,-1.5843900135797484,-0.15662973136945216,0.12802181074132063,0.005767078274090145,-0.424478352675156,-0.4404384590036303,0.09123474098057793,0.31593960568090623,-1.266654547762785,0.6814469383612509,-1.3993064971443234,-1.2585531698325385,-0.9978598364446738,-1.1831540292580596,0.8639471777323764,0.73137479567,-1.466366659709072,0.18160622621476327,-1.0293829499916898,-0.8903973943530143,-0.3754478219193296,-0.019607826481576662,0
2025-01-22,0.3881229081677347,0.2996335152344297,0.21255445568863865,0.26074443914289863,-0.41683925332751165,0.9291848496113562,0.38790486944546443,-0.484915047358409,0.4650247651887943,0.5272243496861121,0.7837765982738207,0.8948348606317882,-0.5475269316856309,-1.62959757595912,-0.0639924782804816,0.1380329971065983,0.03609998004908813,-0.4219508958043812,-0.20359405712740059,0.06122412967151545,0.7729050832240905,0.18761023410020733,0.4515184477830121,-1.691531339960972,-1.3962336431723636,-1.1092262625638356,-1.30574348450411,0.8813037082749148,0.6530307991715636,-1.591519630343052,0.40428111899734487,-0.7930580200521264,-1.2242671602901238,-0.5475269316856309,-0.001061916270961638,0
2025-01-23,0.24198093792907474,0.2756524797827134,0.29931276922853456,0.25492654056861525,-0.4680744597556514,-0.08558469476734887,0.1787857225050298,0.5492062868701697,0.4009874612167684,0.46618363055966416,0.7579143088018224,0.8854937041999217,-1.1087540574722727,-1.4778336615757264,-0.9694877715344373,0.1553086416205535,0.03519350661195278,-0.4213833036258424,-0.5467704925734499,-0.4974408462480714,-0.3335874932614737,-0.6793560958540742,-1.0384331845945811,-1.8123054732227903,-1.4951752520578294,-1.2200026804008892,-1.298418772743722,0.8946468242728327,0.5840206255225073,-1.4447702463021097,0.41718962119215103,-0.1102507208471314,-1.1153868207959696,-1.1087540574722727,-0.031183596947927494,0
2025-01-24,0.29678399489454277,0.2133021078617455,0.1443177794995793,0.08426303993296735,-0.46501414396960333,1.5889620433218083,1.5007077924745398,0.7250739942968959,0.3070530674491283,0.39814763316492213,0.7110122668216812,0.8745343801552729,-1.5608196638323415,-1.646275845626183,-0.8278734546727918,0.23015748264540678,-0.2112169221682797,-0.4407684665690986,-0.4190520646999978,-0.1863548560622989,0.6680933585430029,-1.2239936269911236,1.4202468770307208,-1.708215972221946,-1.6592924131714548,-1.3445904610127777,-1.4698811986309648,0.89138292439843,0.4895828701669936,-1.6662140557466845,0.2719667243144756,-1.2192447360765561,-1.2236490732732066,-1.5608196638323415,-0.046269192707467766,0
2025-01-27,-0.1310670920182407,-0.1310642724217499,-0.11985572119140105,-0.16106537138053592,-0.3267308334237722,0.22602695649563523,0.36585199288623754,0.497947657102476,0.17164865393356113,0.3464019359209332,0.6555525131069635,0.8633727907850078,-2.1962424884691005,-1.3832373791203978,-0.5506574487956625,-0.21260053855447683,-0.02255970951637361,-0.4407934145801084,0.6220500241896051,0.8754215741961353,-0.12386076806137684,-0.6882846884253381,-0.5809043879933578,-2.3360721690007855,-1.916381097072525,-1.5006022509407821,-1.8599974352605577,0.9150026537702989,0.34718065451687974,-1.865938661193468,0.3736226679736942,-1.7746531673960577,-1.7767616669732835,-2.1962424884691005,0.0017257998750355164,1
2025-01-28,-0.12241388240290982,-0.19149696648991849,-0.26217831526648616,-0.15233822683891843,-0.2405036155108866,0.22543015229764773,-0.5009179922175833,-1.3268803063350103,0.06768431672348911,0.2874692760161283,0.6018421036612978,0.8525605749327876,-1.7633286716346088,-1.5265872401314833,-0.27295055158603887,-0.3265746660927634,-0.00924301602073401,-0.43263365007268967,1.1306095483021776,0.10203481950213521,0.7454908257622507,1.2058403868145189,-0.5817806553132897,-2.2541001603700725,-2.0944203341692162,-1.6644293836053332,-1.957021722189734,0.9189028872605416,0.2304917212813687,-1.66468827118919,0.5269139750463457,-0.007614996259777695,-1.721545413232357,-1.7633286716346088,0.059150068295761526,1
2025-01-29,-0.16567940803722694,0.12697069112071585,-0.07111507300144035,0.147292153462256,-0.2517495907841487,-2.3064723903512405,-0.2886314803393119,-2.4520017308329685,0.045116914470894956,0.2635129488157841,0.5568785602184795,0.8451133942835679,-0.5080438019732505,-0.7522016827577656,1.2299683403377273,0.5759779937285778,0.4552008763898529,-0.4312841940095422,1.029490124086514,-0.24161084056205662,1.9359986324078082,1.3272175633771417,2.1202568802236756,-1.3909935892553495,-2.0379317792122276,-1.7831114953987812,-1.3965647331521562,0.8645070216519166,0.19729537221791055,-0.9666853528119863,0.9319241066716795,2.1065821061685712,0.12847020677598658,-0.5080438019732505,-0.025483446608947857,0
2025-01-30,0.15641054445352467,0.11162295609073057,0.05755990335198339,0.010567680124095046,-0.416229867388861,1.1032222842064423,1.1924008802233217,0.5724372559251889,-0.0034898162313846313,0.20755095721747463,0.5014660516735532,0.8342276243351323,-0.9207490564046809,-1.4317827591785217,1.3108006099767855,0.34539389006539845,0.43898947362269486,-0.43303843204988307,-0.11703666314139811,-0.673377179731012,0.5341220081335539,-1.009236945906188,0.7070516978752966,-1.4271524923854866,-2.0541884142607825,-1.8816198631027636,-1.1461159427467131,0.7911404139562869,0.1634640487501658,-1.1627108311917274,0.9980816264583524,-1.0093815255993794,0.6012109879837504,-0.9207490564046809,0.020029662898600087,1
2025-01-31,0.04872663868434535,0.05886489680447288,0.12482154241201349,0.11529282126312014,-0.4274935632992512,-0.4916721620771691,-0.7151804303470385,0.1450710423535144,0.0026824838936103895,0.1639504100488628,0.44893766834971505,0.8255668292282909,-0.05019191749526196,-1.1659340388632733,1.2579760163480695,0.4913531846978496,0.5057025862806831,-0.43623968464246754,-0.17304293321889314,-0.2737701018849994,-0.7563762077648161,0.6175914977577269,-0.544352614153385,-0.6792194683550312,-1.9856845370767595,-1.9454137779378666,-0.7151501937989044,0.6847251070064861,0.17262695605579786,-0.8775971915545082,0.5253009930090169,0.6662808187315448,1.0061975088157102,-0.05019191749526196,-0.029818285712251313,0
2025-02-01,0.20063734105304618,0.18548417854971647,0.01856722447317876,-0.04373488222396105,-0.31228226732104486,1.8667603150419092,2.7813453506368377,0.7521584788281303,0.02602132038689681,0.10827579844680547,0.4027920698535502,0.8117205659800517,0.24889106151776158,-1.4376138742401485,0.9293664967916302,0.5690530900553699,0.40232599639275274,-0.43553788472844324,0.6578137793277553,0.4768931635628996,1.7664117554451988,-1.3528100629370743,1.8281286376864894,-1.0938131401975013,-2.0061999391233383,-2.0009449064766893,-0.612571077889398,0.6325969888249314,0.13442221744562263,-1.15244206825823,0.8576999688565805,-1.1689778865760823,-0.8895856915459462,0.24889106151776158,-0.036169388557371174,0
2025-02-03,-0.09549309111002866,-0.18670082692993012,-0.16664675296642956,-0.23088252771347595,-0.43749807408076014,1.0631968070367168,0.5606769415499311,0.7776646578168235,0.010397652499988839,0.04886401551621353,0.33981472142760405,0.7944908930697135,-0.4183613424822132,-1.5547287585041443,1.2670817972362545,0.6412713701057886,0.3390264303622926,-0.44261215150502803,-0.19746377127764916,-0.6414712461291672,-0.20280705874603153,-1.1483964062620946,0.648283650118959,-1.2526569295465104,-2.1127135851085646,-2.068712515273283,-0.7644819807831825,0.5464349030460529,0.09908103166473739,-1.498943169236357,0.9190160435296174,-1.4028073040272326,-1.1162743485224482,-0.4183613424822132,0.012638550935594628,1
2025-02-04,-0.18971627694075702,-0.2097221374517206,-0.16372237703703407,-0.16785341418418728,-0.41194083577086416,-0.1806995964843057,-0.5343568289945225,0.04825970469174284,-0.052289641550825876,0.006509153032438662,0.2846858864220473,0.7772428457002792,-1.1636247553929289,-1.1886780346679209,0.15757723397431503,0.7037945380787667,0.39802046903456917,-0.441832725585524,-0.009832737916188545,-0.04799821396683241,-0.5114547658759664,0.48489935933265327,-1.0009430629861908,-1.5529583862374843,-2.138704602088942,-2.128622592354898,-0.6669339349240829,0.45558997256508404,0.08539118526258054,-1.2722029335483303,0.7366808964361051,0.39416124410463144,-1.2644287895092132,-1.1636247553929289,0.0003840918530582105,1
2025-02-05,-0.15894912525737914,-0.12051283997706808,-0.10718326128484586,-0.16591371908583621,-0.3812020321700647,0.04545611464221341,0.5599767008048782,0.710027711209479,-0.08739450261358342,-0.0350790891552744,0.2340487275342239,0.75914894310233,-0.7329299508124637,-1.1720382785602528,0.0942362313411797,0.7072710583799339,0.4056154549000287,-0.4387055193277747,0.18989504861869036,-0.044101012935505876,-0.14303894375344642,-1.0452777166033673,-0.8460304179078874,-1.5270211559311038,-2.1371305030162944,-2.1762056866549893,-0.5138994801748763,0.36628843903412794,0.07936879158198341,-1.2039845381673104,0.8302687896444462,-0.05701284303052508,-0.6325301833410337,-0.7329299508124637,-0.008829193961091608,0
2025-02-06,-0.1704871333427042,-0.2596027761945584,-0.14325170798976405,-0.2105189926629068,-0.47475756219831794,0.3054969951717007,-0.6243785753376331,0.8144251522352226,-0.1522034768832888,-0.06421001539852293,0.18610653959921775,0.740006919950249,-1.2041758989196747,-0.9064159418051558,-0.2601070585821148,0.6044058371439288,0.39873289407432566,-0.44345288053072207,-0.4765593737253181,-0.6420291905992483,-1.274343052613245,-0.7272999166830659,-0.46422123120527253,-1.5350454336610968,-2.141268490324202,-2.215179011354837,-0.4070127083149815,0.2859166726988267,0.06899521454359615,-1.2625245605846407,0.7592715229231302,-0.39621964022307504,-0.03882077952603323,-1.2041758989196747,0.0023237130113709092,1
2025-02-07,-0.21567587038179672,-0.24905124752739377,-0.20758882986777796,-0.19888319551434008,-0.4414571703830189,-0.14313621570508678,-0.6382000822258104,-0.11234820976322245,-0.18306485947976975,-0.0679472453640694,0.15873124743319297,0.7206074518354357,-0.6679635624719134,-0.3063526265171016,-0.40120846346656663,0.2661835954536176,-0.06514069459748567,-0.44654324310314725,-0.19631007118352103,0.07397162965650377,-0.4590945595576479,0.7490273728803428,-1.0560960982932217,-1.3346493251249738,-2.1168587303139,-2.241008217104956,-0.24383384189801519,0.2703200503873189,0.029187804851979825,-1.1227692855817675,0.5995259433749375,0.014398453020629384,-0.258065316055046,-0.6679635624719134,-0.008500666178805516,0
2025-02-10,-0.21663691669412616,-0.2624800533411962,-0.1763945900200148,-0.24154847731286713,-0.45707249383104565,0.18571729585193433,-0.26561124613090575,0.7891133283286518,-0.18518648068441335,-0.07676317353924789,0.12530407468289748,0.6989462543348525,-0.1879424741444108,-0.4327124278513587,-1.120702916205798,0.27593250995542384,-0.11864636716011288,-0.44842991400049254,-0.30484738677262296,-0.31341929908804905,-0.9372814500542478,-0.9026753330656538,-0.6400896926858045,-1.2471970502291463,-2.102199070694291,-2.258458884206152,-0.13981770782383518,0.23943251248087216,-0.006174389208419248,-1.1471408619399677,0.29778485907479074,-0.3841241881698143,-0.44727928876522016,-0.1879424741444108,-0.04988311671974921,0
2025-02-11,-0.2550955369514955,-0.34881163104677027,-0.46786329847617714,-0.4897861345937045,-0.3696521288470655,1.9414692109089997,1.9257184514875163,0.2338769363324707,-0.24922384367068576,-0.1397204727243579,0.08242086654708639,0.6702975639694667,-1.2499796884560184,-1.6938921524293078,-0.19753683066826275,-0.26047618956894314,0.11938307595307175,-0.44454107049296,0.34268726639344527,0.43276905961105144,1.4791303848234483,-0.8429624736070792,1.9378211703082193,-1.5317957635605441,-2.2158788561096356,-2.2973325994858644,-0.4057760980618142,0.23210386236135738,-0.087661266258385,-1.6626131441789977,0.5172335350991593,-1.9077074993935026,-1.3218726678175574,-1.2499796884560184,-0.030352792988678545,0
2025-02-12,-0.5319970809387922,-0.6078060926400121,-0.6491778669827644,-0.6332986507355168,-0.15811629393108856,0.8431437262355459,0.4115488773783261,-0.285561543825064,-0.3421938856232149,-0.20334857932777686,0.02341507786416324,0.6369966810992094,-1.7458627682882542,-1.748805354081261,-0.2243563636221508,-0.22490251602788572,-0.06679382960425034,-0.43511080210112074,1.7679295981065395,0.7109205438664522,0.615659504775437,0.04197807066777312,0.3251871906660286,-1.5039643208651787,-2.3674104166209835,-2.361640055268687,-0.7215255948454199,0.19198604539828776,-0.16619369322068916,-1.8497962187682007,0.4720528333818176,-1.188656913686534,-1.9817392994386538,-1.7458627682882542,0.017555025278058745,1
2025-02-13,-0.6348734646591682,-0.5694365736889296,-0.5419487269694067,-0.5528152481229932,-0.3798645702699843,-0.7244290496019619,-0.17925066058123446,0.0824471273051901,-0.4102818685155911,-0.2693723010601255,-0.030673567789250154,0.6049278096496007,-1.3294453033479152,-1.775334218294881,0.20377895013015693,-0.26230834321223884,0.032009763226279235,-0.43020977431237395,0.11551829222608227,-0.6972548443101099,-0.23071929925178872,0.11321063347968292,-0.2026035870607166,-0.992092681420031,-2.4155353641392234,-2.423632710782617,-0.6927882952740886,0.12455767988348206,-0.20389785449560857,-1.5183628884108786,0.27196840310281867,0.5751717488070184,-1.467169276977826,-1.3294453033479152,-0.050093532950849284,0
2025-02-14,-0.5358428266906728,-0.6260318130021997,-0.7895507852169189,-0.7865075656077373,-0.18169710751150722,2.1998337132350394,2.3791711000102675,-0.14250761806749396,-0.5271693816561727,-0.34277452325328184,-0.09436011452938234,0.5686112819723347,-2.169308955863514,-2.003304388314019,0.37439638284912885,-0.02338088297192986,0.21771570327954337,-0.4183028424822472,1.2996823095092076,0.6959026645754413,2.2126000647201214,-0.6746765904913574,2.31716898787087,-1.3143253749207249,-2.5663062040990803,-2.5062686051266763,-0.9490656710615692,0.0759418358936572,-0.28271492673652004,-1.865938661193468,0.41396442008152734,-1.9154544223988832,-1.4716197070784696,-2.169308955863514,-0.013347915746395045,0
2025-02-17,-0.8242816306214454,-0.8409011190373819,-0.8548628346291618,-0.8456578823007087,-0.31089483067453116,0.14962348031452377,0.16423302642385149,-0.240232544025482,-0.6473360214479187,-0.40352780374646524,-0.1536495912174356,0.5295733089949681,-2.2437167424062494,-1.7504120558467762,0.33098640370678006,-0.13260584689726923,0.1942077376482754,-0.412685097823253,0.4015854773694926,-0.5109345096555238,0.35841672500029986,0.14994743618647416,-0.6930850152953595,-2.213997083126675,-2.6934400774930394,-2.6002389959529517,-1.0897788139088835,0.04567678560040477,-0.37286023722546785,-1.865938661193468,0.08317894082511373,-0.5625860349183233,-1.1192785781033323,-2.2437167424062494,-0.001996018277382494,0
2025-02-18,-0.8540871449530596,-0.8965369468669774,-0.905553207160353,-0.8543850268423262,-0.264425073281279,-0.041832503457484696,-0.515136949869156,-0.830758211762183,-0.7198603413667448,-0.4713721753856977,-0.20802192487597856,0.49165701066794776,-1.4803582696057045,-1.9084209439721767,0.15068284402541277,-0.26136235574644373,0.19680626647662489,-0.4067246420777669,0.6255848051542252,-0.05210428927001643,0.2901220188665803,1.0346359759001236,-0.9741933291285394,-2.116539964029565,-2.771041481936488,-2.692421831578056,-1.0675870464347341,0.017285709001487133,-0.4548180241590298,-1.6931639448941216,-0.0184768869964364,-0.14464168149252107,-1.5120735482679188,-1.4803582696057045,0.0015555560390438927,1
2025-02-19,-0.8800465832682731,-0.8562492184399,-0.8382914506566578,-0.8475972807188673,-0.3319516645868732,-0.3382125172108873,-0.029768743815164065,0.018603068499352785,-0.7624876305042022,-0.5387374533176502,-0.26177962288871254,0.4552485375574219,-0.9568387680282089,-1.895802782315908,0.10578125451082156,-0.2528364746627498,0.20399710517347489,-0.4014012929227916,0.17078873196641176,-0.4083800776812443,-0.042700357127740216,0.06296640019024172,-0.7696721949776125,-2.4936447518024063,-2.799854191681027,-2.7724824704615396,-0.9170949267006936,-0.028975560556862765,-0.5155039012604291,-1.52660414780142,-0.01040906859220226,-0.013882886729408291,-0.42186377768940264,-0.9568387680282089,0.057466181578831765,1
2025-02-20,-0.8858152854928834,-0.6528903780692655,-0.8314675228973593,-0.5964506741508883,-0.24419537241704695,-2.509965981671927,-0.7203517050018435,-3.180035137143021,-0.7711673869826811,-0.5768759628100932,-0.29497038173518725,0.42549656387873547,-0.31231345029815355,-1.1742354735553715,1.0970929667990004,0.6679542120110669,0.6506362435551486,-0.3927657413277078,0.5968666075976693,0.11419102080297709,2.207530584139712,1.716467648452508,2.419039604090569,-1.4331120831294595,-2.646838663962923,-2.80299728324595,-0.3020037388120186,-0.07424113555787258,-0.5342908958673847,-0.82045141733878,-0.013636415767989015,2.044586219835859,1.0954595493876993,-0.31231345029815355,0.08812411064646142,1
2025-02-21,-0.5944922845954986,-0.24329554628871425,-0.5195282908918736,-0.1891865001037395,0.7579956428239478,-3.202436667392316,-0.6879359202537184,-4.025687572329331,-0.6523510521833816,-0.5759177167585208,-0.29634153319376844,0.40240108400590613,2.172505776487859,-0.1889969230941602,1.4991688805557764,1.8439805343789473,1.300970797302876,-0.3503453828304182,4.855529307372863,2.543393659274265,2.990887233207546,1.771642527195536,3.4357707764814536,-0.12945692360199654,-2.2615723435474475,-2.7429771496398807,0.821950630409815,-0.07693320601186225,-0.5341475589820622,0.23878191624850384,0.4188058887192801,3.173323365015444,3.1415010043899128,2.172505776487859,-0.013883487401581518,0
2025-02-24,-0.33489724318972486,-0.25480647275188417,-0.3109188377946104,-0.2590030630762946,0.002173243222718865,-0.6195266271895334,0.0568877762333734,-0.6556095501401025,-0.5356563976029735,-0.577642612424662,-0.30154237869416833,0.3788091224226034,2.1618872734842793,-0.2568310217699175,1.5081712984190376,1.8596789084306842,1.3185512342524075,-0.34085502782213434,1.2750570983942862,-0.7368182350836737,0.6351487276963969,0.4880364690509772,-0.3566282485019074,-0.3825119538657364,-1.9784607820302866,-2.6329165049419516,1.4431831303685612,-0.08631625251123126,-0.5345300555174359,0.07325128870932329,0.5866188983961056,-0.5823042494063517,2.76068393850055,2.1618872734842793,0.0019555197335430208,1
2025-02-25,-0.2502881143132768,-0.27015383869488657,-0.24658106689406017,-0.2493057743053091,-0.31644801939873307,-0.020740857726932654,-0.26389529957182634,0.020170208684902324,-0.4152968402368071,-0.5538778816613213,-0.32088000317153176,0.35630207531948765,2.23929919205724,0.42118954535531405,1.463559257243477,1.5038267035449437,0.9575739471267546,-0.3433851868955404,-0.11977747925285347,-0.7185653226930135,-0.24931477091161594,0.2437834043416001,-0.943225182557875,-0.36699340046332907,-1.7319899223725541,-2.4908533438971143,1.8404812954225687,-0.14210717458539082,-0.512573588404892,0.17232434911392708,0.5656424555301562,0.0008426310219226543,1.4838507500551814,2.23929919205724,0.012295025193128195,1
